(kmnist:[8,4]-[3,4]-[9,3]-[4,1])(emnist:[31,4]-[41,4]-[45,4]-[36,3]-[18,1]-[28,1]-[53,2]-[59,2]-[11,3]-[17,4]-[10,3]-[46,3]-[47,3]-[58,4]-[24,3]-[35,3]-[0,3]-[43,1]-[55,3]-[56,1]-[13,3]-[16,3]-[51,2]-[12,2]-[44,2]-[6,1]-[1,2]-[49,3]-[22,2]-[8,2]-[48,3]-[52,1]-[32,2]-[29,2]-[26,3]-[40,3]-[33,2]-[20,4]-[21,1]-[9,1]-[4,4]-[38,1]-[42,4]-[2,1]-[25,3]-[30,2]-[5,1]-[34,2]-[15,3]-[27,1]-[14,1]-[23,3]-[39,4]-[61,4]-[57,2]-[54,4]-[7,4]-[50,2]-[3,3]-[60,1])(mnist:[3,4]-[6,3]-[4,2]-[9,3]-[1,1]-[5,2]-[2,4]-[8,1]-[0,2]-[7,3])
(emnist:[47,1]-[1,3]-[20,3]-[22,1]-[60,2]-[2,1]-[55,3]-[35,3]-[45,3]-[28,4]-[52,2]-[25,1]-[15,4]-[8,2]-[26,4]-[46,3]-[14,2]-[5,1]-[53,1]-[58,4]-[9,4]-[36,2]-[27,1]-[61,4]-[19,1]-[3,1]-[42,2]-[56,3]-[7,2]-[0,1]-[50,3]-[59,1]-[23,3]-[49,2]-[40,3]-[4,1]-[51,4]-[54,2]-[57,4]-[44,1]-[13,4]-[33,4]-[30,1]-[16,1]-[10,2]-[37,3]-[18,2]-[31,4]-[34,4]-[17,1]-[24,3]-[11,3])(kmnist:[7,2]-[4,2]-[0,2])(mnist:[6,2]-[5,2])
(emnist:[39,1]-[34,2]-[60,2]-[50,1]-[4,4]-[23,2]-[40,3]-[13,1]-[8,4]-[43,1]-[15,4]-[11,3]-[17,1]-[27,4]-[31,4]-[42,3]-[1,1]-[28,2]-[10,3]-[53,1]-[45,4]-[32,3]-[6,4]-[19,2]-[7,2]-[58,1]-[26,4]-[54,3]-[5,3]-[22,3]-[21,2]-[3,3]-[48,1]-[51,4]-[35,4]-[25,4]-[30,3]-[57,4]-[59,3]-[18,4]-[38,1]-[41,1]-[44,3]-[56,1]-[20,2]-[33,4]-[24,3]-[61,4]-[49,2]-[46,1]-[36,3]-[47,1]-[29,3])(fmnist:[9,4]-[6,2]-[0,4]-[5,1]-[2,3]-[3,4])(mnist:[2,1]-[1,1]-[8,3]-[4,2]-[7,3]-[0,3]-[3,3]-[6,2]-[5,1]-[9,3])(kmnist:[0,2]-[3,4]-[2,1]-[8,3]-[9,1]-[1,1]-[5,2]-[6,3]-[7,3])
(kmnist:[5,1]-[0,3]-[6,1]-[9,1]-[1,4]-[2,2]-[7,3])(mnist:[2,1]-[7,3]-[8,2]-[1,2]-[0,3]-[5,3])(emnist:[40,1]-[37,4]-[33,1]-[22,4]-[0,1]-[29,2]-[50,3]-[34,1]-[43,2]-[49,1]-[15,4]-[59,4]-[13,3]-[52,1]-[35,2]-[4,1]-[19,4]-[55,2]-[5,4]-[6,4]-[2,4]-[41,1]-[24,4]-[10,3]-[17,1]-[54,1]-[39,3]-[14,1]-[8,1]-[18,4]-[1,3]-[45,1]-[20,2]-[46,1]-[42,4]-[26,3]-[44,2])
(mnist:[4,4]-[8,4]-[7,1]-[1,4]-[2,4])(emnist:[59,2]-[56,4]-[30,4]-[17,4]-[5,4]-[9,4]-[34,1]-[4,2]-[25,3]-[50,2]-[0,1]-[39,3]-[43,2]-[1,3]-[37,4]-[6,4])
(kmnist:[0,1]-[3,3]-[8,4]-[9,4]-[2,3]-[5,4]-[1,4]-[4,1]-[6,2]-[7,2])(emnist:[52,4]-[12,1]-[59,4]-[25,4]-[3,1]-[10,3]-[49,2]-[18,1]-[20,2]-[45,4]-[33,2]-[47,1]-[34,1]-[41,2]-[16,4]-[56,4]-[43,1]-[42,4]-[54,1]-[17,2]-[7,3]-[57,1]-[13,2]-[8,3]-[4,1]-[58,3]-[37,3]-[36,3]-[29,4]-[39,3]-[0,3]-[21,2]-[46,3]-[31,2]-[14,4]-[53,4]-[35,4]-[22,3]-[27,3]-[51,4]-[1,2]-[24,2]-[26,4]-[50,3]-[5,2]-[60,3]-[23,2]-[11,4]-[48,2]-[30,3]-[38,3]-[19,1]-[40,1]-[6,3]-[15,4]-[2,1]-[44,4]-[61,4]-[32,1]-[55,4]-[28,4])(mnist:[2,3]-[4,4]-[5,4]-[9,1]-[6,1])
(kmnist:[4,1]-[1,2]-[3,1]-[5,3]-[6,4]-[9,1]-[0,1]-[8,3])(mnist:[6,2])(emnist:[17,4]-[25,1]-[12,3]-[13,2]-[51,1]-[31,4]-[14,3]-[38,1]-[33,1]-[34,4]-[5,4]-[28,2]-[2,3]-[24,3]-[22,3]-[35,2]-[55,2]-[39,4]-[45,3]-[40,2]-[42,2]-[20,3]-[47,3]-[7,2]-[18,1]-[60,4]-[3,3]-[10,2]-[1,1]-[52,1]-[27,3]-[0,4]-[30,4]-[23,1]-[49,2]-[56,1]-[61,3]-[21,3]-[16,4]-[50,3]-[43,3]-[11,2]-[9,3]-[6,2]-[29,1]-[41,4]-[53,4]-[46,4]-[26,1]-[48,3]-[59,4]-[58,4]-[19,2]-[32,4]-[44,3]-[36,1]-[37,1])
(kmnist:[7,2]-[9,1]-[8,2]-[0,4])(emnist:[54,3]-[56,4]-[29,3]-[46,2]-[47,1]-[24,3]-[57,1]-[25,3]-[27,3]-[3,1]-[33,1]-[38,3]-[31,3]-[30,4]-[55,1]-[4,3]-[51,1]-[34,3]-[5,2]-[17,4]-[18,1]-[12,1]-[11,1]-[44,1]-[1,4]-[22,2]-[40,3]-[9,2]-[48,3]-[53,2]-[10,4]-[7,3]-[58,4]-[49,1]-[19,3]-[32,1]-[35,3]-[13,3]-[45,4]-[39,2]-[26,4]-[15,2]-[14,4]-[20,1]-[23,1]-[50,4]-[60,4]-[59,4]-[41,4]-[28,3]-[61,4]-[36,1]-[6,1]-[52,2]-[43,2]-[37,1]-[42,2]-[2,2]-[21,3]-[8,3]-[16,3])
(emnist:[44,1]-[31,4]-[41,1]-[5,4]-[18,1]-[30,4])(fmnist:[3,3])(mnist:[7,1])(kmnist:[4,1])
(mnist:[0,4]-[9,2]-[2,4]-[6,4]-[4,2]-[1,4]-[8,2]-[3,4]-[7,1]-[5,1])(fmnist:[7,2]-[8,2]-[3,1]-[2,4]-[9,4]-[1,1]-[0,4]-[4,1]-[5,4]-[6,4])(emnist:[11,1]-[22,2]-[60,2]-[38,4]-[34,3]-[33,1]-[54,3]-[55,3]-[23,1]-[7,2]-[20,4]-[12,4]-[4,2]-[35,3]-[51,1]-[3,1]-[13,3]-[24,4]-[1,2]-[16,3]-[21,4]-[46,2]-[14,4]-[48,4]-[61,3]-[36,2]-[29,1]-[25,4]-[17,3]-[50,1]-[0,4]-[44,4]-[42,4]-[10,4]-[47,4]-[9,1]-[39,2]-[56,3]-[43,2]-[26,4]-[5,4]-[28,2])
(fmnist:[0,1]-[7,3]-[2,4]-[8,1])(emnist:[5,3]-[44,4]-[14,3]-[41,1]-[15,4]-[34,2]-[50,4]-[55,3]-[1,2]-[53,4]-[58,1]-[51,4]-[2,1]-[54,2]-[17,4]-[18,1]-[46,3]-[56,3]-[23,4]-[37,3]-[0,3]-[48,4]-[22,2]-[31,1]-[29,2]-[12,3]-[39,1])(kmnist:[8,3]-[5,4]-[0,3]-[1,2]-[3,4])(mnist:[7,4]-[0,3]-[2,4]-[4,2]-[6,1]-[3,1])
(emnist:[37,2]-[2,3]-[4,1]-[58,2]-[28,3]-[10,1]-[0,4]-[46,3]-[15,2]-[48,1]-[23,3]-[59,2]-[42,3]-[54,1]-[50,2]-[18,3]-[44,3]-[41,3]-[20,1]-[13,1]-[40,3]-[14,3]-[36,4]-[9,2]-[52,3]-[12,2]-[1,1]-[39,2]-[17,1]-[8,4]-[45,2]-[16,3]-[43,4]-[31,2]-[27,4]-[22,4]-[24,3]-[26,3]-[34,4]-[25,4]-[3,2]-[30,3]-[56,1]-[57,3]-[6,3]-[21,4]-[47,1]-[19,1]-[51,4]-[49,3]-[33,2]-[35,3]-[32,4]-[7,3]-[55,4]-[53,1]-[5,4]-[11,2]-[29,2])(fmnist:[4,1])(mnist:[5,2]-[3,3])
(mnist:[7,3]-[3,1]-[6,3]-[8,3]-[0,1]-[4,1]-[9,1]-[1,2]-[5,4])(fmnist:[0,4]-[2,4])(emnist:[43,1]-[5,2]-[55,1]-[53,4]-[20,2]-[60,4]-[1,2]-[49,4]-[15,3]-[2,1]-[38,1]-[36,2]-[23,2]-[24,1]-[57,2]-[58,3]-[45,3]-[4,2]-[61,1]-[44,2]-[54,3]-[6,2]-[33,2]-[25,2]-[52,1]-[16,3]-[59,1]-[42,2]-[35,2]-[29,1]-[7,2]-[48,4]-[22,3]-[50,3]-[0,2]-[46,3]-[14,1]-[56,1])(kmnist:[3,1]-[0,3]-[2,4]-[7,3]-[5,4]-[9,2]-[4,4]-[6,4]-[8,1])
(mnist:[3,2]-[6,1]-[2,1]-[5,3]-[0,2])(emnist:[47,2]-[25,4]-[1,3]-[7,1]-[23,4]-[54,3]-[12,4]-[26,1]-[57,1]-[15,4]-[22,4]-[33,4]-[52,1]-[31,3]-[14,1]-[56,1]-[0,1]-[34,3]-[49,3]-[5,3]-[4,4]-[10,2]-[60,2]-[27,2]-[8,1]-[16,4]-[32,2]-[6,4]-[11,2]-[19,4]-[53,1]-[46,1])
(kmnist:[1,2]-[0,4])(fmnist:[2,2]-[6,4]-[8,4]-[5,2])(mnist:[9,1])(emnist:[3,3])
(emnist:[54,1]-[55,1]-[7,2]-[22,3]-[59,2]-[45,2]-[15,4]-[14,1]-[42,4]-[53,2]-[49,1])(kmnist:[1,2]-[0,1]-[9,2]-[6,4]-[7,4]-[2,2]-[8,4]-[5,1]-[4,4])
(kmnist:[5,4]-[7,3]-[3,3]-[2,2]-[4,2]-[6,4]-[1,3])(mnist:[6,1]-[7,1]-[8,3]-[1,3]-[3,3]-[4,3]-[5,2]-[2,1]-[9,2]-[0,4])
(fmnist:[3,1]-[7,4])(emnist:[25,3]-[42,2]-[22,4]-[60,3]-[46,2]-[1,3]-[20,4]-[58,4]-[38,1]-[44,2]-[55,1]-[8,4]-[7,3]-[57,2]-[6,3]-[11,4]-[52,2]-[35,3]-[2,4]-[4,1]-[30,3]-[32,2]-[48,3]-[12,2])(mnist:[7,3]-[2,2]-[3,4]-[9,3]-[5,1]-[8,1]-[4,1]-[6,1]-[0,3])
(emnist:[57,1]-[58,1]-[7,4]-[17,2]-[36,4]-[31,2]-[25,4]-[22,4]-[10,4]-[28,3]-[46,3]-[51,4]-[23,2]-[38,3]-[14,4]-[48,2]-[13,2]-[54,2]-[9,2]-[26,1]-[41,4]-[34,4]-[8,2]-[53,2]-[4,3]-[29,1]-[42,3]-[18,1]-[40,1]-[1,2]-[35,4])(mnist:[6,3]-[7,3]-[8,4]-[0,3]-[1,1]-[5,1])(fmnist:[7,4])(kmnist:[9,2])
(mnist:[6,1]-[2,2])(emnist:[50,3]-[21,2]-[12,1])
(emnist:[24,3]-[2,2]-[28,2]-[10,3]-[6,2]-[36,3]-[53,2]-[15,3]-[54,4]-[38,2]-[16,4]-[57,1]-[55,1]-[37,1]-[49,2]-[35,2]-[9,2]-[14,4]-[23,4]-[56,4]-[29,3]-[11,2]-[21,3]-[39,1]-[60,2]-[3,2]-[27,2]-[0,2]-[13,1]-[33,4]-[31,4]-[46,2]-[42,3]-[41,4]-[12,3])(kmnist:[7,3]-[5,3])(fmnist:[9,3]-[1,3]-[6,2]-[2,3]-[8,4]-[4,1]-[7,3]-[0,4])(mnist:[9,3]-[6,1]-[5,2])
(kmnist:[3,2]-[8,1]-[9,3]-[4,2]-[2,4]-[5,2]-[1,1]-[6,1]-[0,4]-[7,2])(emnist:[46,3]-[36,1]-[6,2]-[24,3]-[48,3]-[5,4]-[14,4]-[57,1]-[30,4]-[44,3]-[2,4]-[33,3]-[34,2]-[4,2]-[21,1]-[20,4]-[19,3]-[3,1]-[32,1]-[39,4]-[25,2]-[26,3]-[8,1]-[61,1]-[0,3]-[35,2]-[51,3]-[58,1]-[54,3]-[16,2]-[49,1]-[31,4]-[42,3]-[18,2]-[29,2]-[45,1]-[1,3]-[13,1]-[28,4]-[50,2]-[41,2]-[23,1]-[56,2]-[37,2]-[40,4]-[15,3]-[38,4]-[53,1]-[10,3]-[52,1]-[43,4]-[60,4]-[47,3]-[11,1]-[12,4]-[9,1]-[55,3]-[27,1]-[22,3])(mnist:[9,3]-[2,1]-[3,2]-[8,3]-[4,2]-[6,2]-[5,1]-[7,4]-[0,3])
(emnist:[23,3]-[36,2]-[13,1]-[32,4]-[11,1]-[9,1]-[26,3]-[28,3]-[44,3]-[22,4])(fmnist:[0,1])(kmnist:[2,4])
(kmnist:[6,4]-[0,3]-[3,4]-[1,2])(emnist:[41,4]-[60,1]-[34,1]-[3,3]-[4,4]-[9,3]-[50,3]-[48,4]-[58,3]-[12,3]-[42,1]-[32,4]-[52,1]-[59,3]-[21,4]-[16,4]-[28,1]-[7,3]-[20,1]-[5,1]-[56,3]-[40,3]-[18,2]-[13,1]-[6,2]-[36,1]-[22,4]-[49,1]-[43,1]-[1,3]-[23,1]-[19,4]-[61,2]-[24,1]-[47,4]-[33,1]-[51,4]-[54,4]-[14,1]-[15,3]-[30,4]-[45,3]-[38,4]-[57,2]-[2,3]-[53,4]-[35,1]-[31,1]-[17,4]-[26,2])
(emnist:[40,3])(kmnist:[2,4])(fmnist:[2,1])
(fmnist:[0,1]-[9,1]-[6,4]-[5,3]-[7,1]-[4,3]-[8,2])(mnist:[4,3]-[6,2]-[8,3]-[5,1]-[2,3]-[3,4]-[1,3]-[0,3]-[7,4]-[9,3])(kmnist:[5,3]-[1,1]-[4,4]-[0,3]-[9,3]-[8,2]-[6,3]-[7,4]-[3,1])(emnist:[41,3]-[18,2]-[2,2]-[32,1]-[60,2]-[27,1]-[26,4]-[59,4]-[39,2]-[24,4]-[28,3]-[9,3]-[46,1]-[33,4]-[19,4]-[61,1]-[35,1]-[50,3]-[21,1]-[20,2]-[56,2]-[17,3]-[7,4]-[52,4]-[38,3]-[51,2]-[47,3]-[49,3]-[36,1]-[48,1]-[10,4]-[23,1]-[16,2]-[25,2]-[31,1]-[53,2]-[54,1]-[45,4]-[34,4]-[1,4]-[57,1]-[4,4]-[40,3]-[42,1]-[37,1]-[22,4]-[12,1]-[13,3]-[43,2]-[5,4]-[15,3]-[6,2]-[44,4]-[8,3]-[58,3]-[0,3]-[29,3]-[14,1]-[30,4])
(emnist:[30,1]-[2,2]-[48,2]-[5,2]-[50,3]-[9,2]-[54,2]-[19,3]-[25,2]-[31,4]-[47,1]-[53,2]-[21,4]-[32,1]-[35,3]-[52,2]-[59,1]-[23,2]-[45,3]-[46,1])(mnist:[8,3])(kmnist:[4,1]-[0,3]-[1,1]-[6,2]-[7,4]-[2,2]-[3,2]-[9,1])
(fmnist:[8,1]-[6,2]-[1,4]-[5,1]-[3,3])(mnist:[6,1]-[8,2]-[5,4]-[4,3]-[9,1]-[2,4]-[0,2]-[1,4])(emnist:[58,2]-[51,4]-[59,2]-[11,2]-[22,1]-[34,4]-[54,3]-[6,2]-[15,1]-[3,3]-[49,4]-[47,1]-[13,1]-[31,1]-[57,4]-[45,4]-[29,2]-[26,2]-[35,1]-[60,4]-[0,2]-[39,1]-[50,2]-[36,2]-[16,4]-[56,1]-[10,3]-[37,4]-[30,4]-[19,1]-[48,1]-[46,2]-[42,3]-[17,2]-[1,1]-[18,3]-[12,2]-[2,3]-[25,4]-[55,2]-[20,4]-[52,4]-[40,1]-[53,2]-[28,4]-[38,2]-[27,4]-[24,2]-[32,3]-[21,3]-[4,2]-[7,1]-[8,4]-[61,4]-[33,4]-[14,4]-[43,2]-[9,3])
(fmnist:[4,2]-[3,3]-[6,3]-[9,1]-[2,2])(mnist:[1,1]-[0,3]-[3,4]-[8,1]-[4,4]-[7,4]-[2,2]-[6,1]-[5,4])(emnist:[30,4]-[44,4]-[38,1]-[29,1]-[26,4]-[34,2]-[52,4]-[55,1]-[48,2]-[2,1]-[49,1]-[16,4]-[12,1]-[39,2]-[50,1]-[56,1]-[54,1]-[10,4]-[28,2]-[20,3]-[0,1]-[33,1]-[58,2]-[36,3]-[13,4]-[17,1]-[57,2]-[43,1]-[1,3]-[32,2]-[46,1]-[25,2]-[19,3]-[6,4]-[35,2]-[45,4]-[15,2]-[37,2]-[22,1]-[7,4]-[9,1]-[40,1]-[41,4]-[5,2])
(mnist:[4,3]-[9,2])(fmnist:[6,2])(emnist:[52,3])(kmnist:[9,3])
(kmnist:[0,3]-[8,2]-[7,1]-[3,3])(mnist:[2,1]-[3,3]-[4,1]-[7,1]-[6,2]-[0,2])
(fmnist:[0,2]-[8,4])(mnist:[6,3]-[5,2]-[4,3])
(fmnist:[9,2]-[7,2]-[6,3]-[5,1]-[2,4]-[1,3]-[0,2]-[3,4]-[8,2]-[4,2])(emnist:[50,1]-[19,2]-[59,3]-[56,1]-[9,4]-[16,2]-[1,3]-[14,1]-[47,2]-[51,2]-[43,3]-[44,1]-[24,4]-[42,3])
(kmnist:[6,4])(emnist:[16,4]-[35,4]-[13,2]-[24,1]-[19,2]-[46,3]-[18,2]-[55,1]-[56,2]-[47,1]-[25,2]-[59,2]-[58,4]-[27,4]-[49,2]-[61,3]-[17,4]-[28,2]-[8,3]-[23,1]-[43,3]-[20,3]-[15,2]-[14,3]-[34,3]-[30,3]-[45,4]-[6,4]-[51,2]-[29,3]-[52,2]-[37,4]-[53,3]-[21,2]-[54,4]-[57,4]-[22,1]-[60,1])
(emnist:[8,2]-[19,4]-[46,4]-[13,3]-[30,3]-[40,1]-[27,1]-[17,4]-[60,4]-[3,4]-[11,2]-[23,4]-[56,3]-[18,3]-[15,2]-[58,1]-[16,2]-[51,2]-[28,2]-[24,2]-[33,2]-[55,3]-[7,1]-[39,4]-[25,1]-[47,2]-[61,4]-[5,1]-[12,4]-[57,2]-[52,3]-[1,3]-[34,4]-[45,3]-[14,1]-[21,4]-[29,1]-[4,4])(fmnist:[9,3]-[1,2]-[5,3]-[7,3])
(emnist:[20,1]-[41,2]-[51,4]-[8,3]-[9,3]-[11,4]-[18,2]-[24,4]-[5,2]-[45,2]-[59,4]-[58,2]-[43,4]-[17,3]-[28,3]-[37,4]-[25,4]-[40,2]-[26,2]-[48,3]-[10,3]-[56,3]-[35,4]-[14,4]-[3,4]-[61,3]-[52,3]-[23,4]-[4,4]-[19,4]-[31,4]-[27,4]-[13,2]-[49,4]-[1,2]-[42,2]-[50,2]-[39,1]-[34,3]-[21,1]-[53,1]-[30,1]-[60,3]-[55,1]-[46,2]-[44,4]-[6,1]-[0,4]-[32,1]-[15,2]-[57,3]-[16,1]-[29,1]-[36,4]-[54,3]-[33,4])(mnist:[8,2]-[6,1]-[5,1]-[7,2]-[9,4]-[3,3]-[2,3]-[0,4])(kmnist:[4,4])(fmnist:[4,4]-[5,4]-[8,2]-[3,2])
(fmnist:[7,3]-[6,2]-[8,1]-[5,1]-[1,2]-[2,1]-[9,2]-[0,3])(emnist:[46,4]-[3,1]-[10,2]-[58,1]-[0,3]-[27,1]-[15,3]-[4,2]-[30,4]-[59,4]-[53,2]-[6,2]-[57,3]-[50,1]-[21,1]-[39,1]-[28,1]-[22,1]-[2,1]-[47,1]-[40,2]-[19,3]-[12,4]-[14,3]-[5,2]-[13,4]-[61,2]-[44,4]-[32,2]-[41,4]-[51,2]-[35,1]-[26,1]-[9,2]-[38,1]-[29,2]-[31,2]-[42,3]-[49,3]-[20,1]-[1,3]-[7,4]-[36,4]-[45,3]-[37,1]-[56,4]-[8,4]-[17,3]-[23,1]-[34,4]-[24,3]-[11,4]-[48,3]-[18,1]-[52,3]-[55,4])
(fmnist:[8,2]-[1,4]-[4,3]-[0,4]-[9,1])(kmnist:[7,2]-[1,3]-[2,4]-[4,4]-[8,3]-[0,1]-[5,4]-[3,4])
(fmnist:[5,4]-[8,4]-[3,1]-[0,3]-[1,2])(kmnist:[8,1]-[9,4]-[1,2]-[7,2]-[4,1]-[6,2]-[2,3]-[5,3]-[3,1]-[0,4])(mnist:[5,1]-[1,4]-[7,1])(emnist:[34,4]-[23,2]-[24,1]-[17,2]-[46,4]-[3,1]-[58,2]-[36,2]-[7,2]-[54,1]-[48,2]-[1,3]-[4,4]-[47,4]-[38,4]-[11,4]-[32,4]-[42,4])
(fmnist:[8,1]-[0,2]-[5,1]-[9,1])(emnist:[0,3]-[55,2]-[29,2]-[16,4]-[9,3]-[17,4]-[10,2]-[57,2]-[22,3]-[43,1]-[28,2]-[21,3]-[23,4]-[41,3]-[53,4]-[48,1]-[59,4]-[46,1]-[18,4]-[52,4]-[40,4]-[4,3]-[36,3]-[56,2]-[34,3]-[30,4]-[32,2]-[35,4]-[7,3]-[37,3]-[33,1]-[47,3]-[14,4]-[20,2]-[51,1]-[61,1]-[24,3]-[19,1]-[13,2]-[15,1]-[49,3]-[26,3]-[3,2])(kmnist:[2,4])(mnist:[6,2]-[0,4])
(kmnist:[4,4]-[9,3]-[1,1])(mnist:[5,4]-[8,4]-[9,4]-[7,1]-[6,2]-[3,3]-[1,1]-[4,3]-[2,4]-[0,1])(emnist:[60,3]-[49,4]-[39,2]-[22,2]-[58,2]-[46,3]-[23,3]-[25,4]-[31,2]-[5,4]-[35,1]-[48,3]-[53,4]-[33,2]-[24,3]-[47,2]-[6,1]-[43,4]-[41,1]-[21,4]-[45,4]-[14,2]-[34,3]-[16,3]-[50,3]-[55,3]-[57,2])
(fmnist:[6,2]-[4,1]-[0,1]-[2,2]-[9,3]-[7,4]-[3,3])(emnist:[42,4]-[3,2]-[45,3]-[2,3]-[11,3]-[28,2]-[53,2]-[54,2]-[60,4]-[40,1]-[44,3]-[41,3]-[25,3]-[30,2]-[0,4]-[6,2]-[9,1]-[13,4]-[47,3]-[50,4]-[21,4]-[22,4]-[18,2]-[49,4]-[27,1]-[31,1]-[19,3]-[59,3]-[24,4]-[48,3]-[34,1]-[15,4]-[8,1]-[39,4]-[29,1]-[37,4]-[55,1]-[51,1]-[12,2]-[56,3]-[38,2]-[1,2]-[26,4]-[20,4]-[52,2]-[16,3]-[46,3]-[61,3]-[14,3]-[43,3])
(kmnist:[6,3]-[4,4])(emnist:[14,1]-[60,1]-[0,2]-[25,4]-[19,3]-[41,2]-[56,2])
(kmnist:[3,3]-[6,1])(emnist:[10,2]-[29,1]-[19,4]-[48,1]-[16,2]-[45,4]-[15,2]-[33,3]-[57,4]-[9,3]-[34,3]-[58,3]-[2,1]-[36,1]-[42,4]-[6,2]-[46,1]-[44,4]-[0,2]-[60,1]-[32,4]-[55,3]-[13,4]-[3,2]-[59,3]-[37,2]-[12,4]-[24,1]-[11,2]-[21,4]-[28,4]-[53,1]-[51,1]-[61,3])(fmnist:[1,1]-[7,4]-[6,4])
(mnist:[8,3]-[2,3]-[3,3]-[5,4])(kmnist:[3,1]-[9,3]-[1,1]-[8,1])(fmnist:[8,4]-[1,3]-[5,1]-[0,1])
(mnist:[3,4]-[6,1]-[4,3]-[8,4]-[5,2]-[2,4]-[1,4]-[0,4]-[9,2]-[7,1])(fmnist:[3,2]-[8,4]-[7,3]-[2,4])(kmnist:[1,4]-[4,4]-[2,1]-[9,4]-[8,2]-[5,3]-[6,2])(emnist:[7,1]-[38,4]-[60,1]-[45,1]-[10,4]-[37,3]-[50,1]-[53,4]-[6,2]-[52,3]-[21,2]-[58,4]-[39,1]-[17,4]-[4,2]-[54,4]-[35,1]-[15,2]-[20,2]-[36,4]-[3,2]-[26,2]-[46,4]-[13,3]-[0,4]-[30,2]-[11,2]-[24,3]-[28,1]-[43,1]-[34,2]-[44,3]-[16,4]-[51,4]-[22,2]-[1,1]-[27,4]-[5,3])
(emnist:[28,2]-[4,3]-[37,4]-[31,4]-[21,3]-[58,1]-[52,3]-[60,4]-[27,2]-[46,2]-[36,4]-[19,2]-[54,3]-[45,3]-[39,3]-[24,1]-[16,3]-[5,1]-[23,2]-[2,1]-[38,3]-[44,4]-[61,1]-[32,3]-[18,4]-[0,2]-[20,1]-[55,3]-[11,4])(mnist:[4,4]-[3,1]-[7,2]-[1,1]-[0,1]-[8,4]-[2,4]-[6,1]-[5,3])
(mnist:[1,4]-[9,3]-[0,3])(fmnist:[1,4]-[7,3]-[6,2]-[0,4]-[3,3]-[2,3])
(kmnist:[3,4]-[2,3]-[8,3]-[4,3]-[0,1]-[6,3]-[9,3]-[5,2]-[1,2]-[7,2])(mnist:[1,4]-[4,4])(fmnist:[8,3]-[9,3]-[2,1]-[6,2]-[0,1]-[5,4])(emnist:[8,3]-[43,3]-[12,1]-[20,4]-[35,3]-[16,4]-[60,2]-[6,4]-[44,1]-[39,3]-[18,4]-[32,1])
(fmnist:[8,4]-[5,4]-[9,2]-[7,1])(emnist:[21,3]-[18,1]-[55,3]-[8,2]-[58,4]-[34,2]-[5,4]-[47,3]-[15,4]-[28,1]-[0,4]-[9,4]-[37,2]-[1,2]-[46,4]-[32,3]-[51,1]-[20,1]-[7,4]-[19,2]-[25,4]-[27,1]-[26,4]-[36,2]-[13,2]-[10,4]-[39,2]-[60,3]-[45,2]-[38,2]-[44,1]-[35,2]-[59,2])(kmnist:[8,2])(mnist:[9,3]-[4,2])
(mnist:[3,4]-[1,3]-[2,2]-[0,3]-[7,1]-[9,2]-[5,4]-[4,2]-[8,1]-[6,3])(emnist:[2,1]-[15,4]-[57,4]-[54,4]-[32,3]-[13,3]-[3,4]-[7,4]-[11,1]-[42,2]-[19,1]-[8,1]-[10,4]-[25,4]-[27,4]-[12,3]-[1,2]-[40,2]-[31,2]-[35,3]-[16,2]-[6,1]-[49,2]-[0,1]-[56,1]-[28,3]-[21,2]-[24,3]-[36,4]-[46,3]-[41,3]-[38,3]-[55,2]-[53,1]-[26,3]-[34,4]-[23,3]-[17,2]-[61,1]-[30,1]-[48,3]-[9,2]-[29,1]-[52,2]-[51,2]-[20,4]-[4,3]-[18,2]-[44,2]-[47,4]-[37,1]-[5,2]-[39,1]-[14,1]-[60,3]-[45,2]-[59,4]-[58,3]-[50,4]-[33,2]-[43,1])(fmnist:[8,4]-[6,4]-[2,4]-[1,3]-[5,2]-[0,1]-[7,3]-[3,2])
(kmnist:[0,4]-[5,4]-[2,1]-[9,3]-[1,1]-[6,1]-[8,1]-[4,4]-[7,3]-[3,4])(mnist:[4,2]-[1,3]-[3,1]-[0,3])(emnist:[46,4]-[1,3]-[13,3]-[49,2]-[0,3]-[2,1]-[54,1]-[10,1]-[38,2]-[36,2]-[24,2]-[18,4]-[27,2]-[11,2]-[61,3]-[9,2]-[25,2]-[34,1]-[8,4]-[4,2]-[6,4]-[21,3]-[60,2]-[58,3]-[5,2]-[57,1]-[50,1]-[37,4]-[14,1]-[29,3]-[32,2]-[45,2]-[43,4]-[12,3]-[17,2]-[41,2]-[28,3]-[42,3]-[23,4]-[16,3])(fmnist:[5,3]-[1,1])
(fmnist:[7,1]-[3,3]-[9,3]-[0,2]-[8,4])(kmnist:[3,3])
(mnist:[3,3]-[2,2]-[6,4]-[5,4]-[4,1]-[9,4])(fmnist:[9,1]-[6,1])(kmnist:[5,1])(emnist:[24,4])
(fmnist:[1,1]-[4,1]-[7,4]-[8,2]-[9,3]-[5,2]-[6,4]-[0,4]-[2,4]-[3,2])(emnist:[25,2]-[6,2]-[60,4]-[13,2]-[31,3]-[54,2]-[61,1]-[34,4]-[36,2]-[19,1]-[41,4]-[30,4]-[14,1]-[49,1]-[7,1]-[57,2]-[1,1]-[10,1]-[27,2]-[12,3]-[32,4]-[33,3]-[38,4]-[47,3]-[4,2]-[0,4]-[53,2]-[45,4]-[29,2]-[52,3]-[11,1]-[20,2]-[35,2]-[55,2]-[59,4]-[28,3]-[3,2]-[5,3]-[50,1]-[56,2]-[8,1]-[17,4]-[44,3]-[26,2]-[46,4]-[18,1]-[51,3]-[37,3]-[43,4]-[15,3]-[58,1]-[48,1]-[22,4]-[2,3]-[21,2]-[39,2]-[16,3]-[23,1]-[40,2]-[9,4]-[42,2])(kmnist:[3,2]-[5,4]-[7,3]-[6,1]-[8,4]-[2,3]-[9,4]-[4,3]-[0,3]-[1,2])(mnist:[7,3]-[0,3]-[2,2]-[4,4]-[5,1]-[9,3]-[1,1]-[3,1]-[6,2])
(fmnist:[1,4]-[3,4]-[7,1]-[9,2])(mnist:[2,3]-[9,3]-[1,3]-[5,1]-[3,1]-[8,4]-[6,2]-[0,1]-[4,2])
(kmnist:[1,4])(fmnist:[0,1]-[2,3]-[6,4])
(fmnist:[6,4])(kmnist:[8,3])(emnist:[12,3])(mnist:[6,1])
(kmnist:[4,2]-[8,1]-[5,2])(emnist:[28,2]-[29,3]-[40,4]-[14,4]-[33,1]-[53,2]-[61,2])
(kmnist:[9,1]-[4,2]-[1,4]-[7,4])(fmnist:[6,4]-[0,1]-[5,1]-[8,2]-[1,2]-[7,1])
(kmnist:[0,3]-[4,1]-[5,1]-[9,4]-[6,1]-[1,3]-[8,3]-[7,3])(mnist:[6,3]-[4,3]-[7,4]-[5,1])
(fmnist:[3,2]-[1,4])(mnist:[9,1]-[3,2]-[1,3])
(emnist:[47,3]-[10,4]-[28,3]-[58,1]-[34,4]-[8,3]-[45,4]-[31,1]-[44,4]-[32,3]-[24,1]-[7,2]-[40,1]-[42,3]-[25,2]-[14,3]-[46,4]-[36,4]-[11,3]-[29,4]-[1,4]-[23,2]-[60,1]-[12,1]-[50,4]-[33,4]-[20,1]-[4,2]-[49,4]-[17,3]-[0,2]-[35,1]-[41,4]-[9,2]-[57,1]-[18,1]-[6,3]-[55,3]-[43,4]-[48,2]-[21,3]-[37,1]-[2,4]-[26,1]-[22,1]-[27,2]-[16,2]-[5,3]-[56,1]-[54,4]-[39,3]-[38,1]-[52,1]-[51,2]-[3,2]-[13,2]-[30,4]-[19,2]-[53,2])(kmnist:[5,2]-[7,3]-[4,3]-[1,4]-[8,3])
(fmnist:[5,3]-[2,4])(kmnist:[2,2])(mnist:[2,1])(emnist:[23,2]-[5,4]-[3,2]-[50,4]-[44,3]-[6,3]-[18,2]-[25,3]-[36,4]-[34,4]-[19,3])
(kmnist:[3,4]-[8,1]-[7,1]-[0,1]-[6,1]-[1,2]-[4,1]-[9,3])(mnist:[3,1]-[8,4]-[9,1])(fmnist:[8,1]-[0,3])
(fmnist:[7,1]-[8,3]-[5,4]-[1,1]-[6,2]-[0,1])(emnist:[52,3]-[0,4]-[9,2]-[22,3]-[40,3]-[53,1]-[54,3]-[43,4]-[27,2]-[51,1]-[44,3]-[58,1]-[38,1]-[12,3]-[4,4]-[56,3]-[17,2]-[42,2]-[34,3]-[6,2]-[50,2]-[21,4]-[60,2]-[46,2]-[10,2]-[39,2]-[2,1]-[59,4]-[19,2]-[49,2]-[3,1]-[7,4]-[23,3]-[16,1]-[25,2])
(fmnist:[4,3]-[1,3]-[3,2]-[9,3])(kmnist:[2,4]-[3,4]-[8,2]-[4,4]-[5,2])(mnist:[8,1]-[4,3]-[5,3]-[1,2]-[6,1]-[0,3]-[2,1]-[9,1]-[3,2]-[7,4])
(emnist:[52,2]-[10,3]-[22,3]-[43,1]-[40,4]-[9,4]-[11,2]-[31,2]-[39,4]-[5,2]-[45,1])(mnist:[1,2]-[8,2]-[7,3]-[5,2]-[4,2]-[3,1])(kmnist:[5,1]-[2,3]-[4,2]-[6,1]-[0,2]-[9,1]-[7,3]-[8,1])(fmnist:[9,1])
(mnist:[7,3]-[5,1]-[3,3]-[9,3]-[1,3]-[4,2]-[2,4]-[6,1]-[0,3]-[8,2])(fmnist:[5,3]-[1,3]-[6,2]-[2,3]-[8,2]-[7,3]-[0,1]-[3,4])
(emnist:[50,1]-[6,1]-[32,4]-[46,2]-[35,1]-[21,2]-[15,3]-[8,2]-[12,2]-[55,4]-[53,2]-[36,4]-[49,2]-[5,1]-[25,1]-[24,3]-[54,4]-[14,4]-[7,2]-[19,2]-[58,4])(fmnist:[3,2]-[0,4])(mnist:[5,1])(kmnist:[1,4])
(kmnist:[2,4]-[1,2]-[6,3]-[5,3]-[7,1]-[8,1]-[3,3])(emnist:[21,1]-[47,4]-[54,2]-[37,4]-[25,2]-[4,1]-[46,2]-[17,3]-[14,1]-[12,4]-[57,4]-[35,2]-[6,1]-[59,4]-[26,2]-[60,1]-[8,2]-[18,3]-[40,2]-[9,4]-[31,2]-[58,3]-[51,1]-[38,2]-[56,4]-[42,3]-[10,2]-[27,3]-[34,4]-[13,2]-[28,3]-[22,3]-[52,2])
(emnist:[39,2]-[29,4]-[10,2]-[27,3]-[28,3]-[13,1]-[12,2]-[37,4]-[4,3]-[20,2])(mnist:[1,2]-[6,4]-[5,1]-[7,4]-[9,4]-[4,2]-[3,4]-[0,4]-[2,4])(kmnist:[8,4]-[2,2]-[4,2]-[1,3]-[6,3]-[9,3]-[3,3]-[5,3]-[0,2]-[7,3])
(kmnist:[5,3]-[9,3]-[4,1]-[3,1]-[6,3]-[0,3]-[8,1]-[2,2]-[1,2])(mnist:[2,1]-[0,1]-[8,2]-[3,4]-[5,1]-[6,4]-[7,2]-[1,3]-[9,3])(emnist:[17,4]-[37,2]-[47,1]-[49,1]-[3,2]-[18,2]-[42,3]-[48,4]-[4,2]-[30,2]-[59,2]-[56,3]-[11,4]-[29,2]-[41,2]-[28,2]-[31,1]-[26,4]-[7,1]-[32,4]-[35,3]-[1,2]-[8,3]-[58,4]-[44,4]-[51,1]-[6,1]-[21,1]-[9,4]-[40,1]-[13,1]-[39,4]-[14,1]-[43,3]-[19,1]-[45,3]-[25,2]-[24,4]-[60,3]-[22,4]-[15,2]-[34,1]-[55,2]-[50,4]-[33,1]-[36,4]-[38,2]-[2,4]-[12,4]-[20,3]-[5,3]-[53,2]-[57,2]-[27,3]-[52,2]-[61,1]-[16,2]-[0,1]-[10,3]-[23,2]-[46,3])(fmnist:[4,2]-[7,1]-[5,4]-[3,2]-[1,2]-[6,1]-[0,4]-[2,1]-[9,3])
(emnist:[40,2]-[52,1]-[14,1]-[24,2]-[30,1]-[25,2]-[46,2]-[9,4]-[41,2]-[59,2]-[4,4]-[45,4]-[11,2]-[20,3]-[10,2]-[13,3]-[5,2]-[48,3]-[55,2]-[50,4]-[34,2]-[6,1]-[58,1]-[21,4]-[28,1]-[38,4]-[3,3]-[2,4]-[37,1]-[18,4]-[53,3]-[49,3]-[31,4]-[51,1]-[60,2]-[32,1]-[0,4]-[7,1]-[61,3]-[23,2]-[33,4]-[56,3]-[8,1]-[54,1]-[27,1]-[35,2]-[22,2]-[17,1]-[44,2]-[12,1]-[36,4]-[57,2]-[1,4]-[47,1]-[29,2]-[26,1]-[42,1]-[16,4]-[39,3]-[15,2]-[43,4]-[19,3])(fmnist:[8,4]-[5,1]-[2,2]-[3,4]-[7,4]-[4,4]-[0,2]-[9,2]-[6,1]-[1,3])(mnist:[8,3]-[5,2]-[3,3]-[7,1]-[6,3])(kmnist:[0,3]-[1,2]-[6,2]-[9,2]-[4,4]-[8,1]-[5,2]-[7,4]-[2,1])
(mnist:[4,3]-[3,2]-[6,1]-[1,2]-[2,2]-[9,1]-[5,4]-[0,4])(fmnist:[5,3]-[6,4]-[4,2]-[2,3]-[8,1]-[0,1]-[1,1]-[3,1])
(kmnist:[1,3])(emnist:[33,3])
(mnist:[2,4]-[6,4])(kmnist:[4,1]-[7,3]-[3,1]-[0,1]-[8,3]-[6,4]-[2,2]-[5,2])(emnist:[11,1]-[3,4]-[34,3]-[54,1]-[22,4]-[48,4]-[60,3]-[10,1]-[30,3]-[8,2]-[19,4]-[56,3]-[5,4]-[31,2]-[49,3]-[14,3]-[25,3]-[41,4]-[20,3]-[4,4]-[33,1]-[43,2]-[53,4]-[1,4]-[32,4]-[23,1]-[15,1]-[21,1]-[47,4]-[6,4])
(emnist:[45,3]-[16,4]-[27,2]-[55,2]-[56,2]-[54,1]-[57,2]-[30,1]-[60,2]-[24,2]-[29,3]-[19,1]-[17,3]-[11,1])(fmnist:[0,1]-[7,1]-[2,2]-[8,4]-[5,1])
(kmnist:[1,2])(mnist:[8,1]-[5,3]-[6,1]-[0,4]-[3,4]-[1,2]-[7,3])
(mnist:[3,1])(fmnist:[6,2]-[3,2]-[8,2]-[9,3]-[4,4]-[2,2]-[5,4])(emnist:[54,3]-[10,4]-[49,3]-[3,2]-[27,3]-[15,4]-[18,4]-[9,1]-[53,1]-[0,1]-[40,1]-[48,2]-[7,4]-[13,3]-[14,1]-[25,3]-[21,4]-[41,3]-[56,3]-[46,4]-[37,2]-[58,1]-[32,4]-[38,3]-[43,1]-[4,1]-[28,1]-[5,4]-[35,3]-[61,2]-[31,2]-[39,4]-[2,2]-[24,4]-[6,3]-[29,4]-[33,2]-[12,1]-[47,2]-[60,2]-[26,3]-[51,3]-[59,2]-[34,2]-[20,2]-[42,3]-[17,2]-[44,3]-[52,3])
(fmnist:[0,1]-[7,4]-[8,2]-[4,2]-[3,3]-[9,2]-[6,4]-[5,1]-[1,4])(emnist:[41,4]-[55,3]-[4,2]-[38,1]-[48,4]-[14,2]-[47,4]-[37,1]-[13,4]-[44,1])(mnist:[6,3]-[3,4]-[1,4]-[8,1]-[2,4])(kmnist:[2,4]-[5,2]-[8,4]-[9,1]-[0,2])
(kmnist:[4,4]-[3,2]-[6,4]-[5,3]-[1,3]-[9,4]-[8,3]-[0,1]-[7,1])(emnist:[27,4]-[20,3]-[58,2]-[44,2]-[35,1]-[40,3]-[41,1]-[47,4]-[10,4]-[37,4]-[5,1]-[32,4]-[16,1]-[2,1]-[45,3]-[21,2]-[39,4]-[42,2]-[53,4]-[6,2]-[33,3]-[52,4]-[4,3]-[13,2]-[49,3]-[50,2]-[54,1]-[51,3]-[46,2]-[11,2]-[26,1]-[14,1]-[34,1]-[48,4]-[43,1]-[3,1]-[61,2]-[24,2]-[55,2]-[15,4]-[38,2]-[28,2]-[57,1]-[30,3]-[23,1]-[9,1]-[22,1]-[31,2]-[60,1]-[59,3]-[1,1]-[29,2]-[18,2]-[0,2]-[17,3]-[12,4]-[56,2]-[19,2]-[8,4]-[7,2]-[25,1]-[36,1])(fmnist:[5,2]-[7,3]-[8,1]-[4,2]-[3,1]-[0,4]-[9,1]-[6,2])
(kmnist:[0,4]-[2,4]-[8,3]-[7,3]-[1,1])(emnist:[57,3]-[7,4]-[16,3]-[0,3]-[41,2]-[40,1]-[11,3]-[34,4]-[9,1]-[3,3]-[2,4]-[59,3]-[55,1]-[51,4]-[14,1]-[48,2]-[1,1]-[18,3]-[12,2]-[56,3]-[29,1]-[31,4]-[50,3]-[37,3]-[45,3]-[22,3]-[35,2]-[47,1]-[21,1]-[4,3]-[61,2]-[24,3]-[36,4]-[23,4]-[5,1]-[33,2]-[15,4]-[52,4]-[19,2]-[39,2]-[26,4])(fmnist:[8,3]-[0,3]-[5,2])(mnist:[5,4])
(kmnist:[7,4]-[6,3]-[9,4]-[2,4]-[5,1])(mnist:[6,4]-[3,3]-[8,1]-[2,3])(emnist:[42,2]-[44,1]-[56,2]-[12,3]-[4,4]-[49,3]-[37,3]-[60,2]-[34,4]-[33,4]-[25,4]-[14,2]-[52,4]-[32,1]-[10,1]-[55,2]-[1,1]-[15,2]-[23,1]-[47,4]-[7,2]-[39,3]-[11,4]-[36,4]-[40,1]-[58,1]-[18,3]-[38,1]-[9,3]-[45,4]-[51,2]-[27,4]-[30,4]-[22,3]-[29,3]-[8,1]-[3,4]-[6,2]-[54,1])(fmnist:[0,3]-[8,1]-[6,4]-[1,1]-[3,1])
(emnist:[44,3]-[57,4]-[27,1]-[13,3]-[29,1]-[43,1]-[60,1]-[2,1]-[19,1]-[40,1]-[14,4]-[28,2]-[7,2]-[52,1]-[25,2]-[47,4]-[0,2]-[54,4]-[59,4]-[42,3]-[39,1]-[53,1]-[3,3]-[30,4]-[6,3]-[31,3]-[51,2]-[16,2])(fmnist:[3,4]-[0,2]-[9,3]-[6,1])(mnist:[8,1]-[2,4]-[9,4]-[6,3]-[3,1]-[7,4])
(mnist:[4,1]-[7,1]-[0,3])(emnist:[38,1]-[49,1]-[48,4]-[29,2]-[47,3]-[37,3]-[54,1]-[13,1]-[34,1]-[57,4]-[14,4]-[46,3]-[32,2]-[22,2]-[0,4]-[45,1]-[2,3]-[30,3]-[9,3]-[55,1]-[4,2]-[6,1]-[35,1]-[56,3]-[52,2]-[7,3]-[51,3]-[27,3]-[59,4]-[40,1]-[17,3]-[31,1]-[44,4]-[1,3]-[50,4]-[23,2]-[41,1]-[25,4]-[61,4]-[24,2]-[15,1]-[10,1]-[8,4]-[33,3]-[26,1]-[18,4]-[36,2]-[28,3]-[5,3]-[3,2]-[12,4]-[43,1]-[20,1]-[19,2])
(fmnist:[7,1]-[9,2]-[8,3]-[3,1]-[6,3]-[5,2]-[4,1]-[0,4]-[2,2])(mnist:[5,2]-[4,2]-[0,4]-[8,4])(emnist:[9,4]-[31,2]-[59,2]-[33,3]-[57,3]-[55,2]-[34,4]-[27,3]-[32,1]-[13,1]-[19,2]-[54,2]-[25,4]-[53,3]-[47,3]-[36,2]-[14,3]-[46,3]-[20,1]-[10,1]-[37,2]-[52,3]-[16,1]-[35,2]-[44,3]-[40,1]-[8,3]-[41,2]-[39,4]-[7,3]-[3,4]-[26,2]-[11,3]-[23,3]-[24,3]-[18,1]-[58,3]-[4,1]-[15,2]-[51,4]-[1,3]-[60,4]-[30,3]-[49,4]-[22,4]-[2,1]-[17,3]-[29,4]-[28,1]-[5,4]-[56,4]-[6,4]-[45,4]-[61,2]-[42,3]-[43,3]-[21,4]-[50,2]-[38,4]-[0,1]-[48,1]-[12,3])(kmnist:[5,4]-[2,4]-[3,1]-[6,2]-[0,4]-[4,1]-[1,3])
(emnist:[32,4]-[36,4]-[30,4]-[35,1]-[16,3]-[31,4]-[52,4]-[9,1]-[13,3]-[26,1]-[15,1]-[61,3]-[41,4]-[57,3]-[39,2]-[34,1]-[45,1]-[21,1])(mnist:[8,4]-[9,1])(kmnist:[6,2]-[7,4])(fmnist:[3,2])
(fmnist:[6,3]-[5,1]-[8,3])(mnist:[0,4]-[1,4]-[2,1]-[3,2]-[5,4]-[8,2])(emnist:[16,2]-[22,1]-[5,4]-[38,4]-[4,3]-[50,3]-[37,3]-[1,2]-[49,4]-[9,2]-[8,1]-[29,1]-[26,1]-[19,2]-[48,3]-[21,3]-[40,2]-[53,1]-[23,2]-[42,2]-[46,1]-[59,3]-[54,3]-[24,2]-[10,3]-[33,2]-[44,2]-[55,3]-[0,4]-[60,3]-[14,4]-[39,4]-[20,3]-[47,2]-[17,4]-[34,2])(kmnist:[5,4]-[6,4])
(kmnist:[3,3])(fmnist:[7,2]-[2,1]-[9,1]-[0,3]-[8,2]-[4,1]-[1,4]-[6,2]-[3,4])
(kmnist:[5,3]-[9,4]-[0,4]-[3,1]-[4,1]-[7,2]-[1,1])(fmnist:[3,2]-[8,1]-[9,2]-[7,1]-[0,4]-[5,4]-[1,4])
(fmnist:[9,2]-[3,3]-[0,1])(mnist:[6,2]-[1,2]-[0,4])(emnist:[3,2]-[39,1]-[2,3]-[8,2]-[7,2]-[28,1]-[9,3]-[58,1]-[60,4]-[20,3]-[12,2]-[59,1]-[29,2]-[16,1]-[47,3]-[49,3]-[51,2]-[5,4]-[34,2]-[44,1]-[13,3]-[21,3]-[37,3]-[45,4]-[1,2]-[43,1]-[33,4]-[30,1]-[55,3]-[57,3]-[53,4]-[0,3]-[48,1])
(mnist:[8,2]-[2,2]-[7,1]-[3,2]-[9,2]-[0,4]-[5,1]-[4,3]-[6,3]-[1,1])(kmnist:[7,3]-[6,1]-[3,2]-[2,4]-[0,1]-[9,1]-[1,2]-[8,4]-[4,4])(fmnist:[5,4]-[9,1]-[0,3])(emnist:[6,1]-[25,3]-[34,2]-[51,3]-[8,1]-[38,1]-[40,1]-[36,4]-[45,2]-[11,3]-[7,3]-[35,2]-[46,3]-[37,3]-[23,4]-[30,4]-[21,4]-[33,2]-[27,4]-[53,4]-[26,4]-[39,1]-[0,3]-[22,4]-[3,3]-[47,4]-[52,3]-[49,1]-[16,2]-[1,1]-[57,2]-[60,2]-[2,2]-[50,1])
(emnist:[33,4]-[3,1]-[46,1]-[34,2]-[8,3]-[39,1]-[58,2]-[56,3]-[13,3]-[37,2]-[24,2]-[36,2]-[11,4]-[18,1]-[54,3]-[14,1]-[51,4]-[10,1]-[43,4]-[44,1]-[30,2]-[25,2]-[19,3]-[1,4]-[23,2]-[20,4]-[4,2]-[47,2]-[28,2]-[12,2]-[35,1]-[31,2]-[9,1]-[32,4]-[61,1]-[57,4]-[5,4]-[38,4]-[59,3]-[0,1]-[40,1]-[55,2]-[29,1]-[52,4]-[27,1]-[45,4]-[16,3]-[26,3]-[22,4])(mnist:[9,1]-[2,4]-[8,2]-[6,3]-[3,3]-[0,3]-[4,2]-[5,3]-[7,3])
(kmnist:[2,2]-[8,1])(emnist:[28,4]-[10,3]-[6,2]-[34,3]-[49,1]-[31,4]-[22,1]-[33,3]-[29,3]-[15,4]-[35,3]-[57,1]-[37,3]-[59,3]-[46,2]-[13,3]-[5,1]-[0,4]-[54,4]-[7,1]-[39,4]-[11,3]-[48,2]-[30,3]-[40,3]-[45,4]-[55,1]-[52,4]-[50,2]-[41,2]-[12,4]-[1,4]-[60,3]-[19,1]-[43,2]-[38,2]-[25,3]-[36,3]-[14,4]-[18,3]-[23,2]-[58,4]-[61,4]-[20,1]-[17,3]-[21,4]-[56,4]-[51,3]-[26,1]-[16,4]-[44,1]-[27,2])(mnist:[2,2]-[5,2]-[4,1])
(emnist:[28,1]-[2,3]-[34,2]-[4,1]-[45,4]-[1,1]-[38,2]-[56,1]-[13,1]-[26,3]-[50,2]-[14,2]-[10,2]-[43,2]-[21,4]-[7,3]-[8,3]-[54,4]-[58,1]-[12,4]-[18,2]-[9,1]-[20,4]-[33,4]-[23,3]-[46,1]-[61,2]-[29,2]-[48,2]-[47,1]-[55,4]-[53,4])(mnist:[5,3]-[1,3]-[2,2]-[7,1]-[0,2])
(fmnist:[4,1]-[0,2])(kmnist:[6,3]-[7,1]-[1,3]-[9,3]-[0,3]-[2,3]-[8,4]-[5,2]-[4,2])(emnist:[34,4]-[19,2]-[11,1]-[41,2]-[43,3]-[30,2]-[35,1]-[1,4]-[40,4]-[59,2]-[32,2]-[0,3]-[54,2]-[28,2]-[46,2]-[45,3]-[10,3]-[14,2]-[12,2]-[5,2]-[36,2]-[18,2]-[31,2]-[57,1]-[15,4]-[21,2]-[3,2]-[55,3]-[20,2]-[17,2])(mnist:[2,3]-[1,3]-[8,4]-[9,3]-[0,4]-[6,4]-[4,3])
(mnist:[5,1]-[8,3]-[7,1]-[1,1]-[4,4]-[0,3]-[9,2]-[6,3]-[2,1]-[3,3])(fmnist:[4,4]-[5,4]-[6,2]-[9,3]-[3,1]-[8,2]-[1,4]-[0,4]-[7,3]-[2,3])(emnist:[31,3]-[49,2]-[61,2]-[20,1]-[26,4]-[59,3]-[55,2]-[11,1]-[42,2]-[46,4]-[37,3]-[28,1]-[58,2]-[23,4]-[39,1]-[21,1]-[54,3]-[17,1]-[6,2]-[47,4]-[52,4]-[34,4]-[15,2]-[57,1]-[44,4]-[29,4]-[32,2]-[33,4]-[1,1]-[45,1]-[10,1]-[18,1]-[5,4]-[35,3]-[60,3]-[41,2]-[8,1]-[9,3]-[38,4]-[25,4]-[48,4]-[22,1]-[56,3]-[0,4]-[4,1]-[40,1]-[3,1]-[16,3]-[19,2]-[27,1]-[7,2]-[30,2]-[43,4]-[12,3]-[53,2]-[50,2]-[14,3]-[36,2]-[2,1]-[51,3]-[13,3])
(kmnist:[1,1]-[5,2])(emnist:[6,1]-[27,1]-[39,2]-[16,2]-[55,2]-[4,2]-[46,1]-[20,1]-[41,1]-[43,2]-[1,1]-[15,3]-[42,1]-[54,2]-[53,2]-[22,2]-[34,1]-[12,2]-[3,1]-[29,2]-[58,4]-[5,1]-[51,3]-[44,2]-[40,2]-[18,4]-[11,3]-[60,2]-[17,1]-[25,4]-[23,3]-[9,1]-[45,1]-[49,3]-[35,1]-[52,4]-[21,1]-[33,2]-[37,1]-[13,3]-[56,1]-[50,4]-[32,2]-[48,3]-[26,2]-[59,2]-[31,1]-[61,1]-[2,2])
(fmnist:[8,3]-[3,4]-[1,2]-[2,4])(mnist:[0,4]-[9,4])(emnist:[24,4]-[35,1]-[54,3]-[41,4]-[3,1]-[38,4]-[11,4]-[31,2]-[33,4]-[4,2]-[7,4]-[30,2]-[14,3]-[42,4]-[61,3]-[59,1]-[60,3]-[37,2]-[57,2]-[18,2]-[29,4]-[50,1]-[51,2]-[56,4]-[55,2]-[52,1]-[12,3]-[45,3]-[10,4]-[2,3]-[19,3]-[27,4]-[39,3]-[58,1]-[34,2]-[36,1]-[16,3]-[49,1]-[20,1]-[5,2]-[17,3]-[46,1]-[28,1]-[47,3]-[8,2]-[22,3]-[0,2]-[13,2]-[26,1]-[15,3]-[25,3]-[40,3]-[23,3]-[6,2])(kmnist:[2,2]-[3,1]-[0,4]-[9,4]-[7,2]-[8,2]-[5,4]-[1,4]-[6,3]-[4,4])
(emnist:[44,1]-[60,2]-[34,1]-[59,3]-[58,3]-[26,3]-[56,4])(fmnist:[0,4])
(mnist:[0,1]-[9,3])(kmnist:[8,4]-[7,1]-[4,1]-[9,3]-[6,4]-[3,4]-[0,4]-[1,3]-[5,1])
(emnist:[48,3]-[58,3]-[6,4]-[5,3]-[42,3]-[22,2]-[7,2]-[14,1]-[4,4]-[30,2]-[12,2]-[57,1]-[9,3]-[39,1]-[17,1]-[2,3]-[46,1]-[37,4]-[47,3]-[45,2]-[16,4]-[31,4]-[26,2]-[49,2]-[33,1]-[0,4]-[32,2]-[19,1]-[18,2]-[25,3]-[35,2]-[28,1]-[59,2]-[24,3])(mnist:[6,4]-[7,3]-[0,3]-[2,2]-[5,4]-[8,4]-[3,3]-[1,2]-[9,4]-[4,3])(kmnist:[0,4]-[7,4]-[8,3]-[5,3]-[6,1]-[1,3]-[9,1]-[4,3]-[3,1])
(emnist:[9,3]-[31,3]-[26,3]-[25,1]-[5,4]-[24,4]-[61,4]-[41,3]-[43,2]-[52,4]-[20,4]-[38,4]-[59,1]-[10,2]-[47,1]-[34,3]-[23,3]-[35,4]-[16,3]-[30,2]-[56,3]-[17,3])(kmnist:[5,4]-[1,1]-[6,3]-[3,1]-[8,1]-[4,4]-[7,2]-[9,3])
(fmnist:[6,2]-[7,2]-[5,1]-[8,4]-[0,2]-[1,1]-[2,3]-[3,3]-[4,2]-[9,1])(kmnist:[0,4]-[8,1]-[2,4]-[7,1]-[3,4]-[6,2]-[4,3]-[5,2]-[1,2]-[9,1])(mnist:[9,1]-[8,2]-[5,4]-[3,1]-[2,3]-[0,2]-[1,2]-[6,2]-[4,1]-[7,3])(emnist:[53,2]-[19,2]-[58,3]-[40,4]-[20,4]-[49,2]-[14,2]-[37,2]-[44,2]-[27,1]-[26,1]-[50,1]-[6,1]-[52,1]-[17,4]-[23,3]-[29,1]-[0,2]-[24,2]-[57,4]-[7,3]-[43,4]-[61,2]-[34,4]-[38,1]-[21,1]-[15,1]-[18,2]-[2,3]-[33,4]-[46,2]-[59,1]-[25,2]-[1,2]-[22,3]-[32,1]-[60,2]-[35,1]-[55,2]-[31,4]-[5,1]-[8,3]-[10,1]-[11,3]-[39,3]-[4,1]-[42,2]-[56,1]-[28,3]-[36,1]-[16,2]-[3,4]-[54,4]-[9,2]-[30,3]-[12,2]-[41,3]-[48,2]-[47,2])
(mnist:[6,1]-[2,4]-[0,2])(kmnist:[8,2])(emnist:[1,3]-[2,4]-[19,4]-[33,3]-[48,2]-[6,1]-[36,3]-[25,2]-[28,1]-[35,1]-[32,1]-[18,2]-[16,4]-[61,3]-[40,3]-[24,2]-[5,1]-[10,4]-[15,2]-[46,3]-[13,4])
(emnist:[22,1]-[30,2]-[16,3]-[24,2]-[20,4]-[13,3]-[55,2]-[26,4]-[50,1]-[3,3]-[27,2]-[19,4]-[40,3]-[54,2]-[25,2]-[48,3]-[5,3]-[23,1]-[32,2]-[12,4]-[34,1]-[58,1]-[10,4]-[11,2]-[42,3]-[38,3]-[35,1]-[49,4]-[17,2]-[61,2]-[41,2]-[52,1]-[9,2]-[14,3]-[7,3]-[57,3]-[37,1]-[43,3]-[47,4]-[39,1]-[28,4]-[0,4]-[56,3]-[2,4]-[59,2]-[53,1]-[60,2]-[36,3]-[46,4]-[51,3]-[8,1]-[33,2]-[44,3]-[1,2]-[31,3]-[15,3]-[18,3]-[4,2]-[45,2]-[6,3]-[29,4]-[21,1])(kmnist:[8,2]-[1,4]-[2,1]-[0,2]-[5,4]-[7,1]-[6,3]-[9,1]-[3,1]-[4,4])(fmnist:[9,1]-[4,2]-[2,3]-[0,3]-[3,1]-[7,1]-[6,3]-[8,2])
(fmnist:[8,1]-[5,4]-[3,4]-[0,2]-[2,2]-[1,1]-[7,4]-[4,3])(emnist:[33,1]-[29,2]-[10,1]-[51,1]-[22,4]-[54,4]-[28,3]-[39,1]-[61,3]-[12,3]-[26,3]-[24,4]-[7,1]-[20,4]-[46,1]-[38,3]-[11,4]-[27,2]-[50,1]-[17,2]-[52,3]-[2,4]-[13,3]-[42,2]-[49,1]-[16,1]-[41,4]-[37,1]-[6,2]-[55,3]-[35,3]-[59,2]-[15,3]-[23,4]-[14,2]-[32,2]-[44,1]-[18,4]-[56,3]-[40,2]-[31,2]-[36,4]-[43,2]-[21,4]-[25,2]-[4,3]-[8,2]-[60,1]-[3,3]-[1,3]-[58,4])(mnist:[0,4]-[3,4])(kmnist:[3,2]-[2,2])
(fmnist:[2,1]-[4,1]-[5,4]-[7,2]-[1,2]-[3,3]-[9,1]-[0,1])(kmnist:[4,2]-[2,4]-[9,4]-[0,1]-[1,1]-[5,1])(emnist:[51,2]-[52,4]-[35,2])
(emnist:[56,2]-[32,1]-[22,3]-[51,2]-[14,1]-[45,1]-[1,1]-[35,1]-[46,1]-[29,2]-[30,2]-[21,2]-[37,1]-[40,2]-[20,4]-[49,3]-[28,3]-[50,3]-[42,1]-[18,4]-[57,1]-[17,2]-[4,3]-[54,2]-[27,2]-[5,1]-[47,1]-[16,2]-[60,2]-[33,4]-[52,1]-[59,4]-[31,2]-[34,4]-[41,1]-[36,3]-[12,2]-[38,1]-[13,2]-[3,2]-[19,2]-[48,1]-[0,2]-[11,4]-[23,4]-[26,3]-[7,4]-[61,2]-[39,4]-[58,3]-[10,4]-[9,3]-[25,4]-[55,2]-[2,4]-[53,2]-[8,3])(fmnist:[6,2]-[7,2]-[8,2]-[9,1]-[0,4]-[5,3]-[4,4]-[2,2]-[3,3])(kmnist:[2,4]-[6,4]-[3,3]-[5,2]-[4,4]-[1,2]-[9,2]-[8,4]-[0,4]-[7,3])(mnist:[9,2]-[0,2]-[2,2])
(fmnist:[7,2]-[9,1]-[2,4]-[1,4]-[6,3]-[8,2]-[5,4])(kmnist:[6,2]-[1,2])
(fmnist:[3,2]-[6,2]-[0,1])(mnist:[7,3]-[1,2]-[5,1]-[0,1]-[2,4]-[8,4]-[9,3]-[4,1]-[6,1])(emnist:[0,1]-[49,3]-[32,1]-[9,3]-[4,1]-[17,2]-[24,3]-[37,4]-[48,2]-[6,1]-[60,2]-[57,3]-[27,4]-[36,1]-[3,4]-[53,1]-[7,4]-[11,3]-[33,4]-[38,4]-[50,3]-[59,3]-[55,4]-[14,1]-[39,4]-[45,2]-[10,4]-[47,1]-[5,1]-[52,1]-[18,3]-[16,2]-[46,4]-[2,3]-[22,2]-[1,3]-[43,2]-[54,2]-[29,1]-[58,1]-[40,1]-[44,2]-[28,1]-[12,4]-[13,2]-[23,3]-[19,2]-[21,3]-[42,3]-[41,4]-[30,1]-[61,1]-[20,3]-[8,3]-[25,4]-[35,3]-[56,2]-[34,1]-[51,3])(kmnist:[7,2]-[8,2]-[1,3]-[4,3]-[6,3]-[0,4])
(mnist:[7,3])(kmnist:[1,2]-[2,4]-[8,1])(fmnist:[6,1]-[3,2]-[5,3]-[9,2]-[1,1]-[8,1])
(fmnist:[7,1]-[8,4]-[9,2]-[5,4]-[4,2]-[0,2]-[6,3]-[1,3]-[3,2])(mnist:[8,3]-[4,4]-[7,4]-[6,3]-[1,1]-[3,2]-[5,2]-[2,3])(emnist:[27,4]-[58,4]-[51,2]-[54,2]-[38,1]-[26,2]-[52,1]-[31,2]-[18,2]-[40,2]-[23,4]-[16,4]-[59,2])(kmnist:[8,2]-[1,2]-[9,3]-[6,3]-[0,4]-[5,1]-[3,3]-[7,4]-[4,3]-[2,1])
(emnist:[56,1]-[47,3]-[8,3]-[15,2]-[50,2]-[4,3]-[61,2]-[43,2]-[27,4]-[6,4]-[51,3])(fmnist:[3,2])(kmnist:[7,2]-[5,1])
(mnist:[1,4]-[4,2]-[2,4]-[8,4]-[7,2]-[9,3]-[6,4]-[3,2]-[5,2])(kmnist:[2,4]-[9,2])(fmnist:[7,2]-[5,4]-[9,4]-[2,3]-[3,2]-[0,4]-[6,3]-[1,2]-[4,2])
(kmnist:[5,2]-[7,2]-[3,2])(fmnist:[9,1]-[6,2])
(emnist:[12,3])(kmnist:[9,4]-[6,2])(fmnist:[2,3])(mnist:[1,1])
(kmnist:[4,1]-[2,1])(mnist:[0,4]-[3,3])(emnist:[37,2])(fmnist:[6,1])
(kmnist:[4,2])(fmnist:[6,1]-[4,3]-[0,1])(emnist:[28,4]-[34,2]-[35,2]-[60,4]-[48,4]-[29,4]-[54,4]-[58,2]-[52,3]-[19,4]-[37,4]-[42,2]-[4,3]-[25,3]-[50,3]-[14,3]-[1,1]-[20,4]-[18,2]-[38,1]-[26,2]-[59,3]-[51,2]-[33,3]-[56,4]-[2,4]-[30,3]-[8,1]-[21,4]-[5,4]-[61,1]-[40,2]-[7,3]-[11,4]-[23,4]-[9,3]-[46,1]-[39,3]-[3,1]-[57,4]-[55,4]-[24,1])
(kmnist:[8,4]-[2,1]-[4,3]-[9,3])(mnist:[1,3]-[5,1])(fmnist:[4,2]-[3,3]-[7,3]-[5,3]-[9,1]-[6,3]-[8,3]-[1,4]-[2,1])(emnist:[32,4]-[21,1]-[27,2]-[57,2]-[11,4]-[50,1]-[13,1]-[10,1]-[22,2]-[7,2]-[14,1]-[33,4]-[60,1]-[23,2]-[34,3]-[0,1]-[18,4]-[49,2]-[31,3]-[58,1]-[12,3]-[19,4]-[8,2]-[20,3]-[43,2]-[46,4]-[15,2]-[61,1]-[17,2]-[54,4]-[36,2]-[40,1]-[51,2]-[16,3]-[6,1]-[26,4]-[37,3]-[29,2]-[59,4]-[1,2]-[24,2]-[2,2]-[4,2]-[38,1]-[45,2]-[30,4]-[56,3]-[42,2]-[3,4]-[5,3]-[28,1]-[35,4]-[47,4]-[25,4]-[55,1]-[39,4]-[9,4]-[52,1]-[44,4]-[41,2]-[48,1]-[53,3])
(fmnist:[3,3]-[5,2]-[7,2]-[9,3]-[4,4]-[8,1]-[0,4]-[6,1]-[1,2])(mnist:[2,3]-[6,4]-[0,4]-[5,2]-[4,1]-[8,4])(emnist:[61,2]-[42,3]-[50,4]-[40,2]-[27,3]-[23,1]-[22,3]-[13,1]-[31,3]-[53,4]-[47,3]-[14,4]-[57,4]-[35,1]-[2,4]-[30,3]-[60,2]-[56,4]-[16,3]-[49,3]-[58,3]-[20,1]-[25,3]-[9,3]-[18,3]-[10,4]-[29,2]-[19,3]-[43,2]-[52,4]-[37,3]-[39,1]-[51,3]-[33,1]-[26,3]-[44,1]-[24,3]-[4,2]-[12,3]-[54,1]-[1,1]-[3,4]-[48,2]-[46,1]-[6,2]-[32,4]-[34,4]-[55,2]-[0,3]-[28,4]-[11,2]-[17,2]-[41,2]-[21,3]-[59,4]-[15,3]-[5,4]-[7,4]-[45,1]-[8,1])
(emnist:[26,1]-[47,2]-[19,2]-[39,1]-[20,3]-[13,1]-[25,3]-[44,3]-[18,3]-[7,2]-[38,4]-[8,3]-[56,1]-[12,2]-[3,2]-[35,2]-[36,2]-[30,2]-[43,4]-[32,4]-[22,1]-[21,3]-[54,3]-[60,2]-[1,1]-[5,4]-[10,4]-[61,1]-[34,2]-[28,3]-[6,4]-[48,1]-[53,4])(fmnist:[1,2]-[9,1]-[7,2]-[3,2]-[0,2]-[4,1]-[8,2]-[2,3])(mnist:[7,2])(kmnist:[2,4]-[0,3])
(fmnist:[7,2]-[0,1]-[5,2])(mnist:[6,2]-[5,3]-[1,3]-[2,2]-[7,1]-[0,2]-[8,3])(emnist:[41,3]-[6,2]-[18,3]-[17,3]-[55,1]-[2,3]-[12,1]-[23,3]-[51,2]-[10,4]-[15,2]-[26,4]-[34,1]-[42,3]-[59,2]-[3,1]-[58,3]-[9,1]-[44,3]-[36,1]-[22,3]-[40,1]-[28,3]-[39,2]-[24,1]-[48,4]-[32,1]-[52,4]-[31,4]-[1,4]-[46,2]-[21,4]-[47,1]-[43,3]-[60,1]-[49,1]-[20,2]-[29,1]-[54,4]-[37,1]-[30,4]-[27,4]-[4,2]-[61,2]-[25,2]-[14,2]-[35,1]-[53,2]-[50,2]-[0,2]-[56,1]-[11,3]-[13,2]-[33,1]-[19,1]-[5,3]-[57,3]-[38,1])
(mnist:[5,1]-[8,3]-[6,1]-[3,4])(fmnist:[1,1])(emnist:[43,2]-[54,4]-[14,4]-[50,1]-[2,3]-[52,3]-[0,2]-[61,3]-[47,3]-[21,1]-[26,2]-[45,1]-[16,4]-[4,1]-[3,3]-[22,3]-[13,3]-[37,3]-[19,4]-[35,4]-[34,1]-[10,2]-[12,2])
(kmnist:[5,2]-[7,4]-[3,2])(fmnist:[9,3])
(kmnist:[2,3]-[7,2])(mnist:[1,3])(fmnist:[6,2]-[4,4]-[7,1]-[5,3]-[1,1]-[2,3]-[3,2]-[8,1]-[0,4])(emnist:[16,1]-[13,2]-[50,2]-[22,2]-[35,4]-[40,3]-[10,1]-[3,1]-[4,4]-[37,4]-[42,1]-[54,3]-[29,4]-[57,2]-[55,4]-[47,3]-[14,4]-[11,4]-[48,4]-[31,2]-[32,2]-[6,4]-[24,1]-[39,1]-[27,4])
(emnist:[3,1]-[31,3]-[52,3]-[47,1]-[57,4]-[41,4]-[2,1]-[35,1]-[26,1]-[46,3]-[45,3]-[61,2]-[36,3]-[33,4]-[55,2]-[19,3]-[10,1]-[6,2]-[14,3])(mnist:[3,3]-[6,1]-[8,4])(kmnist:[7,2]-[1,4]-[4,2]-[9,3]-[0,3]-[6,1]-[8,4]-[3,4]-[5,1])(fmnist:[3,4]-[9,4]-[1,4])
(kmnist:[6,4]-[9,2]-[0,2]-[3,2]-[8,4]-[7,2]-[2,4])(mnist:[0,4])(fmnist:[3,4]-[0,1]-[4,3]-[1,1]-[2,3]-[5,4]-[8,4]-[7,3]-[6,3])
(fmnist:[5,2]-[6,3]-[8,2]-[7,3]-[1,2]-[3,2]-[2,2])(mnist:[9,2]-[1,2]-[8,2]-[2,1])
(mnist:[3,1]-[1,2])(fmnist:[7,2]-[1,4])
(mnist:[2,2])(fmnist:[9,2]-[6,2]-[8,1])(emnist:[15,2]-[13,1]-[59,1]-[58,2]-[34,3]-[39,2]-[26,3]-[25,3]-[19,4]-[40,2]-[4,1]-[50,2]-[41,2]-[8,4]-[24,4]-[14,2]-[9,4]-[18,3]-[54,4]-[12,3]-[22,1]-[16,3]-[36,2]-[28,3]-[47,1]-[29,2]-[61,1]-[21,3]-[56,1]-[10,1]-[6,3]-[33,4]-[20,3]-[27,1]-[23,1]-[17,1]-[31,1]-[57,4]-[30,3]-[1,1]-[48,3]-[44,4]-[37,1]-[35,2]-[5,4]-[3,2]-[45,3]-[0,1]-[60,4]-[55,4]-[43,1]-[46,3]-[42,3]-[52,1]-[51,4]-[32,3]-[49,4]-[11,3]-[53,3]-[2,2])
(mnist:[9,2]-[7,2]-[2,3])(kmnist:[0,4]-[5,2]-[1,1]-[8,1]-[7,3]-[4,2]-[3,3]-[6,3]-[2,3]-[9,1])(fmnist:[3,1]-[9,3]-[6,3])(emnist:[45,4]-[51,3]-[31,1]-[36,4])
(fmnist:[1,4]-[3,1]-[6,3]-[9,3]-[8,4]-[5,1]-[4,3])(emnist:[3,4]-[2,1]-[16,1]-[47,3]-[35,2]-[28,4]-[11,3]-[50,2]-[1,3]-[27,2]-[30,1]-[5,4]-[36,4]-[42,3]-[9,3]-[29,4]-[58,1]-[61,2]-[8,4]-[40,1]-[23,1]-[43,3]-[15,3]-[39,4])(kmnist:[6,4]-[7,4]-[1,4]-[2,1]-[4,1]-[0,3]-[8,1]-[5,4]-[3,3]-[9,3])
(fmnist:[0,3]-[8,1])(emnist:[20,1]-[25,1]-[17,4]-[29,2]-[48,3]-[38,3]-[7,3]-[0,2]-[26,2]-[32,2]-[52,4]-[15,4]-[54,3]-[31,1]-[8,2]-[5,4]-[6,2]-[1,3]-[9,2]-[18,3]-[61,2]-[50,1]-[43,1]-[36,2]-[27,4]-[14,1]-[35,4]-[23,2]-[33,1]-[16,3]-[11,1]-[40,4]-[59,2])
(fmnist:[1,1]-[0,2])(mnist:[6,3]-[4,2]-[9,1]-[0,1]-[8,1]-[7,2]-[2,3]-[5,2]-[1,2]-[3,2])
(fmnist:[3,3]-[9,3]-[7,1]-[1,1])(emnist:[44,1]-[49,2]-[52,1]-[48,4]-[41,4]-[7,2]-[25,1]-[22,4]-[9,1]-[3,2]-[24,2]-[8,3]-[37,1]-[30,2]-[17,1]-[10,4]-[18,4]-[4,1]-[43,3]-[46,4]-[0,4]-[19,4]-[56,2]-[26,3]-[61,2]-[38,1]-[16,3]-[36,3]-[31,3]-[54,1]-[2,4]-[34,4]-[59,2]-[14,1]-[32,3]-[5,1]-[51,2]-[50,3]-[12,4]-[6,4])(mnist:[0,4]-[1,4]-[6,4]-[5,2]-[7,3])
(mnist:[4,4]-[6,3]-[1,1]-[9,1]-[8,2]-[5,3]-[2,4])(fmnist:[2,2]-[8,1]-[7,4]-[3,3]-[5,3])(kmnist:[3,3]-[8,1]-[2,4]-[0,2]-[5,2]-[7,1]-[1,3]-[4,1])(emnist:[54,2]-[8,2]-[10,2]-[2,3]-[1,1]-[39,1]-[18,1]-[41,3]-[37,3]-[53,3]-[0,4]-[3,3]-[46,3]-[29,2]-[6,2]-[13,2]-[57,1]-[49,1]-[27,2]-[55,4]-[32,4]-[33,3]-[26,2]-[5,3]-[11,2]-[28,1]-[61,1]-[40,2]-[7,1]-[24,2]-[35,3]-[22,4]-[4,1]-[56,3]-[47,2]-[9,4]-[16,3]-[17,4]-[48,4]-[20,4]-[51,3]-[43,3]-[42,1]-[59,2]-[36,2]-[34,4]-[30,3]-[19,3]-[52,2]-[12,3]-[31,3]-[58,3]-[38,4])
(kmnist:[6,4]-[7,2]-[2,2]-[8,2]-[3,1]-[9,3])(fmnist:[5,2]-[3,3]-[1,1]-[8,3]-[6,3]-[0,3]-[4,1])(emnist:[57,1]-[5,2]-[0,2]-[29,1]-[28,1]-[37,3]-[19,4]-[61,1]-[1,4]-[10,1]-[21,1]-[35,1]-[33,2]-[42,1]-[55,4]-[60,3]-[15,2])(mnist:[2,3]-[5,2]-[3,1]-[0,2]-[7,2])
(emnist:[36,2]-[31,3]-[5,4]-[3,4]-[7,1]-[0,1]-[10,3]-[20,4]-[30,2]-[49,2]-[11,3]-[15,3]-[19,1]-[58,2]-[41,2]-[26,4]-[14,4]-[57,4]-[54,2]-[13,3]-[51,3]-[17,3]-[61,1]-[48,1]-[39,2]-[43,2]-[2,4]-[4,3]-[27,4]-[8,4]-[55,3]-[53,4]-[47,2]-[21,3]-[59,3]-[22,2]-[44,4]-[23,2]-[12,3]-[37,4]-[35,3]-[28,2]-[56,1]-[16,1]-[38,2]-[34,4]-[60,3]-[6,3]-[24,1]-[46,3]-[45,3]-[18,2]-[40,1]-[9,4]-[33,4]-[32,4]-[25,1]-[52,1]-[1,1]-[29,1])(fmnist:[8,2]-[7,4]-[6,3]-[5,2]-[4,1]-[3,1])
(emnist:[16,3]-[7,4]-[21,3]-[9,1]-[4,3]-[48,3])(kmnist:[7,4]-[8,4]-[3,4]-[2,1]-[6,1])
(mnist:[0,1]-[6,4]-[9,1])(fmnist:[3,4]-[2,1]-[5,1])(emnist:[38,3]-[27,2]-[11,1]-[54,1]-[8,3]-[48,1])
(emnist:[14,2]-[41,4]-[58,3]-[30,4]-[57,1]-[9,2]-[24,4]-[17,3]-[37,3]-[32,3]-[53,4]-[40,2]-[7,3]-[29,1]-[27,1]-[43,2]-[31,3]-[8,4]-[0,4]-[46,4]-[23,1]-[60,2]-[61,3]-[42,3]-[1,1]-[34,2]-[59,4]-[18,4]-[44,3]-[21,2]-[2,1]-[45,1]-[12,1]-[19,1]-[25,3]-[6,2]-[51,4]-[10,3]-[56,3]-[3,1]-[15,2]-[48,4]-[39,3]-[52,3]-[33,2]-[5,1]-[22,3]-[11,3]-[35,2]-[50,1]-[20,4]-[49,4]-[13,1]-[26,3]-[54,4]-[36,2]-[16,4]-[47,3]-[55,1]-[4,1]-[38,1])(kmnist:[0,2]-[2,3]-[9,4]-[1,3]-[6,2]-[5,4]-[8,4]-[3,4]-[4,1]-[7,2])
(mnist:[5,4]-[3,1]-[1,3]-[6,3]-[2,1]-[8,1]-[9,3]-[0,4]-[7,1]-[4,4])(fmnist:[6,1]-[0,2]-[1,1]-[3,4]-[7,3]-[4,2]-[9,1])(emnist:[52,2]-[31,4]-[39,3]-[47,4]-[2,2]-[37,2]-[45,1]-[50,4]-[27,4]-[59,1]-[18,4]-[51,1]-[29,1]-[54,4]-[30,1]-[5,3]-[38,4]-[24,4]-[32,1]-[4,4]-[10,2]-[14,4]-[42,2]-[25,3]-[23,1]-[44,3]-[28,4]-[21,1]-[1,2]-[12,4]-[20,4]-[16,3]-[15,2]-[53,3]-[36,3]-[40,4])
(kmnist:[5,4]-[6,4]-[1,3]-[3,1]-[4,1]-[0,1]-[7,3]-[2,2])(mnist:[9,1]-[5,2])(emnist:[14,4])
(kmnist:[7,1]-[1,2]-[0,3]-[6,1]-[9,2])(emnist:[34,2])(mnist:[7,2])(fmnist:[8,3])
(mnist:[8,1]-[1,2])(emnist:[30,4]-[31,1]-[13,4]-[59,2])
(mnist:[9,1]-[5,1]-[2,1]-[1,3]-[6,2]-[7,4]-[3,4]-[0,1])(emnist:[10,1]-[21,2]-[15,1]-[22,1]-[46,2]-[5,1]-[43,3]-[28,1]-[3,3]-[59,1]-[11,2]-[38,1]-[1,4]-[56,2]-[17,4]-[57,4]-[12,4]-[9,4]-[52,2]-[45,2]-[25,1]-[16,1]-[48,1]-[40,3]-[18,3]-[20,4]-[36,2]-[33,1]-[37,2]-[41,4]-[49,1]-[30,2]-[7,2]-[61,1]-[44,1]-[42,4]-[26,3]-[55,4]-[4,3]-[6,1]-[19,4]-[13,1]-[47,1]-[14,2]-[39,4]-[24,1]-[51,3]-[2,1]-[8,3]-[34,3]-[53,2]-[27,1]-[29,1]-[0,2]-[23,3]-[54,2]-[32,2])
(mnist:[8,2]-[4,1]-[5,4]-[6,3]-[2,1]-[7,3]-[9,2]-[1,3]-[3,3])(kmnist:[5,1]-[4,3])(fmnist:[4,4]-[1,1]-[5,1]-[0,4]-[9,1]-[3,3]-[8,4])(emnist:[13,4]-[38,1]-[40,1]-[51,3]-[22,2]-[25,4]-[2,3]-[6,4]-[49,3]-[15,2]-[20,2]-[8,2]-[39,2]-[9,2]-[4,4]-[36,3]-[14,1]-[29,2]-[46,4]-[48,4]-[30,2]-[12,1]-[11,1]-[44,4]-[34,3]-[3,1]-[37,2])
(mnist:[1,2]-[5,4]-[3,3]-[4,3]-[2,4]-[6,4])(emnist:[35,1]-[28,1]-[0,1]-[32,3]-[11,1]-[7,4]-[8,2]-[33,2]-[46,1]-[40,4]-[39,2]-[48,3]-[50,1]-[55,4]-[37,3]-[45,3]-[30,1]-[9,1]-[26,3]-[20,3]-[3,2]-[14,2]-[34,2]-[18,3]-[61,4]-[10,2]-[23,3]-[52,2]-[54,1]-[6,2]-[49,3]-[21,3]-[60,2]-[59,4])
(emnist:[11,2]-[15,2]-[17,2]-[16,2]-[38,2]-[20,4]-[22,2]-[25,1]-[34,2]-[41,4]-[51,1]-[14,3]-[6,4]-[32,3]-[18,2]-[13,3]-[35,4]-[56,1]-[19,1]-[42,3]-[1,3]-[24,1]-[29,4]-[5,4]-[49,4]-[31,3]-[48,4]-[21,2])(kmnist:[9,3]-[8,1]-[6,3])
(emnist:[42,1]-[18,2]-[7,4]-[24,4]-[52,1]-[13,3]-[46,1]-[23,1]-[57,1]-[27,3]-[43,3]-[55,4]-[56,2]-[28,1]-[37,3]-[6,1]-[60,4])(fmnist:[4,1]-[8,4]-[9,3]-[7,1]-[0,4]-[6,2]-[5,1]-[3,1])(kmnist:[5,3]-[3,1]-[8,1]-[0,4]-[1,2]-[7,2]-[2,2]-[6,4]-[4,4])(mnist:[0,4]-[4,2]-[3,4]-[2,4]-[8,2]-[7,1])
(mnist:[7,4]-[2,4]-[9,1]-[6,4]-[4,2]-[8,2]-[3,1]-[5,1])(kmnist:[9,2]-[4,4]-[6,1]-[3,2]-[2,1])(emnist:[26,4]-[12,1]-[59,1]-[15,3]-[50,4]-[9,1]-[10,3]-[11,2]-[27,4]-[23,2]-[0,1]-[40,2]-[51,1]-[33,3]-[30,4]-[38,1]-[52,2]-[42,1]-[43,3]-[5,4]-[35,4]-[8,1]-[4,3]-[3,2]-[17,3]-[29,4]-[19,2]-[31,3]-[39,2]-[44,1]-[57,4]-[1,4]-[20,3]-[24,2]-[55,4]-[37,1]-[22,1]-[25,4]-[7,2]-[34,2]-[45,3]-[49,4])(fmnist:[4,4]-[1,4]-[8,1]-[9,2]-[7,3]-[6,2]-[5,3])
(mnist:[9,4])(emnist:[22,1])(fmnist:[7,3])(kmnist:[5,4])
(mnist:[1,1]-[2,2]-[3,4]-[6,4]-[0,3]-[8,1]-[9,3]-[5,1]-[4,2])(emnist:[46,1]-[28,1]-[3,2]-[41,3]-[42,1]-[32,4]-[36,1]-[16,2]-[23,2]-[50,1]-[30,3]-[55,1]-[37,2]-[1,4]-[34,1]-[13,3]-[0,1]-[26,3]-[2,2]-[5,1]-[11,4]-[52,2]-[24,2]-[10,1]-[49,2]-[44,3]-[7,4]-[21,2]-[61,3]-[43,4]-[51,1]-[38,1]-[53,3]-[19,1]-[60,1]-[31,4]-[18,4]-[39,4]-[20,4]-[22,1]-[47,2]-[33,2]-[14,1]-[57,4]-[4,3]-[45,1]-[8,2]-[17,1]-[56,2]-[27,2]-[59,1]-[9,3]-[54,3])(fmnist:[2,3]-[5,1]-[1,4]-[3,1]-[6,1]-[9,2]-[8,2]-[7,1]-[4,4]-[0,2])
(fmnist:[2,3]-[9,4]-[0,4]-[3,2]-[4,2]-[6,3]-[8,2])(kmnist:[8,1]-[0,2]-[7,3])(mnist:[0,2]-[3,2])(emnist:[61,1]-[58,2])
(emnist:[30,1]-[41,4]-[13,4]-[52,1]-[40,2]-[43,2]-[8,1]-[48,1]-[0,2]-[35,2]-[56,3]-[59,4]-[60,2]-[17,2]-[39,3]-[57,2]-[15,1]-[58,4])(fmnist:[5,3]-[0,2]-[6,4])
(mnist:[9,3]-[6,2]-[8,2]-[0,1]-[7,2])(fmnist:[1,1]-[7,3]-[5,2])(emnist:[25,2]-[32,3]-[0,3])(kmnist:[4,3]-[2,2]-[1,2])
(emnist:[14,4]-[31,2]-[19,2]-[2,3]-[21,3]-[61,1]-[38,1]-[17,4]-[47,3]-[4,3]-[27,4]-[39,2]-[29,1]-[33,1]-[24,3]-[52,4]-[41,3]-[59,1]-[0,1]-[12,2]-[32,2]-[15,2]-[57,1]-[54,3]-[46,3]-[1,3]-[25,3]-[37,1]-[42,2]-[9,4]-[53,4]-[55,4]-[7,2]-[36,4]-[28,3]-[44,4]-[48,2]-[51,3]-[40,4]-[18,3]-[30,2]-[45,2]-[58,3]-[49,4]-[11,2]-[23,1]-[50,4]-[3,2]-[43,1]-[13,2]-[5,1]-[22,1]-[34,2]-[16,1]-[35,2]-[26,2]-[56,1]-[6,2]-[10,1]-[60,2]-[20,3])(kmnist:[4,4]-[5,4]-[9,1]-[7,1]-[6,4]-[8,2]-[1,1]-[2,3])(fmnist:[8,2]-[4,1]-[0,1]-[6,4]-[2,2]-[5,3]-[7,4]-[9,1]-[3,1]-[1,4])(mnist:[3,3]-[7,2]-[1,1]-[8,3]-[2,1]-[5,4]-[9,2]-[0,3]-[4,1])
(fmnist:[5,1]-[0,3]-[4,1])(kmnist:[1,3]-[9,4]-[8,1]-[3,2]-[2,3]-[0,3]-[5,1]-[6,1])(mnist:[4,2]-[7,4]-[5,3]-[6,1])
(kmnist:[3,4]-[0,4]-[1,1]-[8,4]-[4,1])(mnist:[1,4]-[7,1]-[9,2]-[2,2]-[8,2]-[3,3]-[0,2]-[6,2]-[4,3]-[5,1])
(emnist:[37,3]-[38,3]-[14,4])(mnist:[6,1]-[9,4]-[8,4]-[7,4])(kmnist:[1,2]-[0,4]-[6,1])(fmnist:[6,1]-[5,1]-[1,4]-[4,2]-[9,1]-[8,1])
(kmnist:[6,1]-[8,2]-[5,4]-[3,1])(fmnist:[4,4]-[6,3]-[9,4]-[0,1]-[8,4]-[5,2]-[1,2]-[2,2]-[7,2])(mnist:[1,1]-[8,2]-[0,1]-[9,2]-[5,4])(emnist:[32,1]-[56,3]-[39,1]-[28,2]-[59,1]-[44,4]-[29,1]-[18,3]-[13,1]-[20,4]-[33,3]-[14,3]-[50,3]-[58,3]-[2,4]-[7,3]-[30,3]-[19,2]-[31,2]-[10,1]-[4,2]-[51,2]-[12,2]-[6,1]-[9,3]-[11,2]-[1,2]-[47,1]-[49,2]-[8,2]-[52,2]-[0,4]-[45,3]-[15,3]-[40,2]-[16,4]-[54,3]-[46,1]-[43,1]-[36,1]-[57,4]-[23,1]-[25,2]-[55,3]-[3,4]-[48,3]-[60,3]-[38,2]-[53,4]-[27,1]-[37,1]-[41,4]-[22,4])
(mnist:[1,4]-[7,3]-[3,1]-[5,1]-[0,3]-[4,2]-[2,1]-[9,3])(fmnist:[3,3]-[8,1]-[9,1]-[1,3]-[2,1]-[7,1]-[5,3]-[4,4]-[6,1]-[0,1])(kmnist:[7,2]-[9,4]-[2,3]-[4,3])
(mnist:[5,3]-[4,3]-[7,4]-[6,4]-[9,3]-[0,1]-[1,3])(fmnist:[5,1])
(mnist:[8,4]-[2,2]-[9,3]-[7,4]-[5,4]-[0,2]-[1,1])(fmnist:[0,1]-[9,1]-[8,4]-[4,3]-[7,2])
(fmnist:[8,3]-[5,2]-[3,4]-[0,1]-[2,3]-[9,2]-[1,1]-[4,4])(mnist:[8,2]-[5,4]-[1,2]-[3,1]-[7,1]-[2,1]-[4,1]-[9,3]-[6,1]-[0,2])(emnist:[44,4]-[13,2]-[59,1]-[53,1]-[1,3]-[36,3]-[0,1]-[6,3]-[52,2]-[20,3]-[45,4]-[31,4]-[19,3]-[32,4]-[43,4]-[15,2]-[33,3]-[37,1]-[12,1]-[16,3]-[54,3]-[3,1]-[61,4]-[40,2]-[51,1]-[14,4]-[23,1]-[55,3]-[5,1]-[47,1]-[49,3]-[41,2]-[56,1]-[46,3]-[26,3]-[57,2]-[48,4]-[8,3]-[34,1]-[21,4]-[30,4]-[39,3]-[11,2]-[2,1]-[24,3]-[29,3]-[25,3]-[18,2]-[42,3]-[9,1]-[7,4]-[10,3]-[17,1]-[27,4]-[22,4]-[58,2]-[4,3])(kmnist:[0,4]-[3,1]-[5,3]-[1,2]-[2,1]-[4,4]-[6,1]-[8,4]-[7,3]-[9,3])
(emnist:[27,2])(kmnist:[8,4]-[5,4])(fmnist:[1,4])
(emnist:[17,1]-[2,4]-[32,1]-[29,1]-[7,3]-[19,4]-[38,2]-[40,4]-[45,2]-[46,4]-[57,1]-[27,4]-[59,2]-[31,1]-[4,4]-[43,2]-[3,4]-[35,2]-[10,2]-[41,1]-[53,4]-[44,4]-[21,3]-[51,3]-[9,3]-[13,1]-[20,2]-[50,1])(fmnist:[4,3]-[6,1]-[3,4]-[0,4]-[9,3]-[5,1]-[2,1]-[1,3])
(kmnist:[8,3]-[6,2])(emnist:[41,3]-[18,1]-[61,1]-[31,4]-[34,1]-[2,1]-[55,4]-[38,2]-[6,4]-[57,2]-[49,1]-[25,1]-[8,4]-[3,3]-[7,2]-[15,3]-[29,3]-[44,4]-[33,1]-[47,1]-[16,3]-[22,2]-[54,3]-[13,2]-[26,4]-[51,1]-[5,2]-[1,4]-[27,3]-[19,2]-[24,3]-[60,2]-[53,3]-[35,2]-[43,4]-[45,4])(mnist:[9,2]-[6,1]-[3,1])(fmnist:[9,1])
(fmnist:[6,3]-[1,4]-[5,3]-[0,1])(emnist:[8,3]-[37,2]-[17,2]-[31,2]-[12,1]-[10,2]-[49,3]-[25,1])(mnist:[7,2]-[0,3]-[1,2]-[5,4]-[3,2])(kmnist:[3,1]-[1,2]-[9,1])
(mnist:[4,4]-[1,4]-[7,2]-[0,3]-[5,1]-[9,4]-[6,4]-[2,3]-[3,3]-[8,2])(fmnist:[2,4]-[3,2]-[9,3])(emnist:[6,4]-[52,4]-[7,4]-[41,3]-[43,3]-[27,4]-[51,4]-[24,4]-[11,3]-[3,2]-[21,3]-[26,2]-[12,1]-[31,2]-[1,2]-[46,3]-[23,2]-[32,1]-[45,3]-[47,1]-[36,2]-[14,3]-[22,1]-[57,1]-[55,4]-[59,1]-[39,1]-[5,1]-[53,2]-[61,1]-[44,2]-[58,4]-[10,3]-[25,2]-[19,1]-[54,1]-[8,3]-[29,4]-[56,3]-[30,2]-[15,1]-[38,1]-[16,3]-[13,3]-[28,2]-[34,3]-[40,1]-[37,2]-[35,4]-[0,2]-[9,1]-[4,1]-[18,3]-[42,2]-[50,2]-[20,2]-[60,4])
(fmnist:[9,3]-[5,1]-[1,4]-[8,2]-[6,4])(mnist:[3,3]-[8,1]-[6,4]-[2,3]-[5,1]-[9,2]-[0,3]-[1,3]-[7,1]-[4,3])
(fmnist:[7,3]-[8,3])(kmnist:[6,4])
(fmnist:[8,3]-[0,1]-[1,4]-[3,3]-[6,2]-[2,2]-[5,4]-[7,4]-[9,2]-[4,3])(emnist:[11,3]-[32,2]-[12,2]-[18,3]-[10,2]-[26,3]-[13,2]-[39,1]-[24,4]-[61,1]-[57,1]-[50,2]-[53,3]-[33,3]-[46,1]-[47,4]-[36,2]-[5,4]-[31,1]-[29,4]-[40,4]-[7,1]-[52,3]-[60,2]-[42,3]-[27,1]-[17,3]-[15,4]-[19,3]-[30,4]-[21,1]-[1,3]-[59,4]-[6,4]-[23,3]-[43,1]-[28,1]-[54,2]-[20,4]-[0,1]-[48,2]-[22,3]-[44,1]-[45,2]-[34,2]-[2,4]-[58,4]-[3,1]-[37,2]-[35,1]-[51,1]-[9,3]-[16,2]-[8,1]-[49,4]-[14,2]-[41,3]-[56,3]-[38,1]-[4,2])
(fmnist:[0,1]-[4,1])(emnist:[57,4]-[42,3]-[43,3]-[33,3]-[56,3]-[53,4])(mnist:[9,2])(kmnist:[9,3])
(fmnist:[3,3]-[9,4]-[2,4]-[0,3]-[5,1]-[1,2]-[7,3]-[8,1]-[4,2]-[6,4])(mnist:[6,3]-[2,4]-[9,4]-[0,1]-[1,1])
(fmnist:[3,4]-[7,2]-[5,3]-[2,1]-[8,1]-[0,3])(mnist:[6,4]-[9,4]-[4,1]-[7,1]-[3,1]-[8,2]-[5,2]-[2,3])
(emnist:[61,3]-[16,4]-[0,3]-[28,1]-[8,1]-[15,3]-[19,3]-[13,4]-[60,4]-[32,1]-[55,2]-[29,3]-[23,3]-[31,1]-[41,3]-[24,1]-[44,4]-[3,4]-[5,2]-[39,1]-[37,1])(fmnist:[5,4]-[9,4]-[2,3]-[8,3]-[6,1]-[1,3]-[3,1]-[7,1]-[0,2]-[4,2])
(mnist:[5,2]-[8,2]-[0,2]-[1,1]-[7,4])(kmnist:[2,4])(emnist:[6,1]-[45,4]-[55,3])
(kmnist:[3,2]-[4,3]-[5,3]-[6,1]-[0,4]-[8,1]-[2,4]-[1,3]-[9,3]-[7,2])(mnist:[6,4]-[5,3]-[8,2]-[7,3]-[0,2]-[4,1])
(mnist:[1,1]-[5,3]-[0,1]-[3,3]-[9,4]-[8,1]-[4,3]-[6,3])(fmnist:[8,1]-[1,2]-[9,2]-[6,3]-[2,2]-[3,1]-[5,3])(kmnist:[0,4])(emnist:[44,3])
(mnist:[9,4]-[8,2]-[2,2]-[1,1]-[5,4]-[3,2]-[4,2])(emnist:[9,2]-[57,1]-[32,1]-[6,2]-[17,3]-[45,2]-[16,4]-[28,2]-[52,1]-[38,1]-[41,4]-[26,2]-[44,3]-[51,1]-[58,1]-[23,1]-[55,1]-[29,4]-[8,3]-[22,1]-[48,3]-[25,2]-[46,2]-[39,1]-[40,1]-[42,4]-[61,2]-[30,4]-[3,1]-[11,3]-[10,2]-[33,2]-[12,4]-[59,2]-[5,3]-[31,1]-[43,4]-[35,2]-[2,3]-[53,1]-[4,2]-[15,4]-[14,3]-[19,1]-[7,2]-[27,4]-[1,4]-[34,2]-[20,1]-[18,3]-[56,4]-[47,2]-[24,1]-[49,1]-[0,1]-[54,3]-[50,1]-[36,3]-[37,2]-[21,4]-[60,4])(fmnist:[1,1]-[0,2]-[6,3]-[2,3]-[7,3])
(kmnist:[0,3]-[4,4]-[3,4]-[7,3]-[1,1])(emnist:[49,3]-[9,4]-[29,1]-[17,1]-[44,1]-[47,2]-[31,1]-[14,3]-[26,3]-[39,2]-[27,1]-[59,1]-[51,2]-[11,4]-[34,3]-[16,3]-[50,4]-[36,2]-[4,3]-[35,1]-[20,1]-[6,4])
(emnist:[50,1]-[46,2]-[31,2]-[22,2]-[51,1]-[38,3]-[5,2]-[40,4]-[8,3])(fmnist:[2,1]-[3,2]-[7,3]-[6,4]-[1,3]-[8,1])(mnist:[1,2]-[6,4]-[2,3]-[5,2]-[4,3]-[9,2])
(mnist:[8,1])(emnist:[58,3])(kmnist:[7,2])
(mnist:[6,3])(kmnist:[1,2])(fmnist:[2,4])(emnist:[57,4])
(mnist:[8,2]-[0,2]-[5,1]-[1,4]-[9,1]-[2,1]-[6,2]-[4,4]-[3,1]-[7,4])(kmnist:[0,4]-[5,1]-[2,2]-[4,3]-[3,2]-[1,3]-[7,2]-[8,3]-[6,4]-[9,1])(emnist:[11,3]-[27,4]-[22,2]-[17,4]-[41,1]-[1,3]-[14,4]-[49,2]-[26,1]-[52,1]-[61,1]-[44,2]-[56,1]-[7,1]-[32,4]-[23,2]-[54,1]-[34,4]-[20,4]-[50,2]-[46,1]-[6,2]-[18,4]-[33,3]-[25,2]-[30,1]-[58,1]-[38,2]-[42,2]-[19,1]-[0,1]-[39,4]-[31,2]-[59,1]-[37,3]-[47,3]-[55,2]-[53,2]-[10,2]-[48,2]-[43,3]-[15,3]-[45,1]-[57,1]-[36,4]-[51,4]-[24,2]-[2,3]-[5,1]-[40,1]-[8,4]-[3,4]-[13,1]-[28,3]-[21,2]-[16,4])(fmnist:[7,3]-[5,2]-[0,1]-[4,4]-[9,2]-[1,4]-[8,3]-[2,2]-[6,1])
(mnist:[5,3]-[3,4]-[6,1]-[2,3]-[4,3]-[9,4])(emnist:[47,1]-[8,2]-[56,2]-[27,1]-[31,4]-[33,4]-[5,4]-[28,3]-[9,3]-[46,4]-[42,2]-[39,2]-[24,1]-[55,3]-[25,4]-[23,3]-[58,3]-[15,2]-[13,4]-[11,4]-[16,3]-[1,3]-[48,4]-[59,3]-[21,2]-[29,4]-[51,3]-[54,2]-[43,1]-[40,1]-[36,3]-[18,4]-[6,4]-[0,2]-[32,2]-[12,3]-[14,3]-[45,1]-[2,4]-[37,3])
(emnist:[21,3]-[45,4]-[9,4]-[2,4]-[41,2]-[37,4]-[17,3]-[36,1]-[18,4]-[23,3]-[10,3]-[7,4]-[6,1]-[24,4]-[1,4]-[16,3]-[55,1]-[53,3]-[48,4]-[38,3]-[33,3]-[19,3]-[50,4]-[0,3]-[42,1]-[20,4]-[54,1])(mnist:[1,4]-[9,2]-[3,4]-[7,2]-[6,3]-[4,4])
(emnist:[49,3]-[55,4])(kmnist:[9,1]-[6,1]-[3,2]-[4,2]-[2,2]-[7,4]-[5,2]-[0,1])
(mnist:[5,3])(fmnist:[2,1]-[6,4]-[1,4]-[5,2]-[7,3]-[8,3]-[9,2])(kmnist:[1,2]-[5,3]-[7,2]-[6,2]-[3,2]-[0,3]-[8,2]-[2,2])(emnist:[50,2]-[0,1]-[35,2]-[12,4]-[51,1]-[6,3]-[2,3]-[9,1]-[54,1]-[43,3])
(fmnist:[1,1]-[7,1]-[2,2]-[8,1])(emnist:[9,1]-[22,1]-[48,3]-[51,4]-[13,4]-[12,1]-[54,2]-[30,4]-[57,2]-[15,4]-[29,1]-[28,2]-[11,1]-[33,1]-[41,4]-[50,1]-[25,1]-[53,2]-[36,2]-[18,2]-[23,4]-[34,1]-[2,2]-[32,3]-[55,2]-[21,3]-[7,4]-[26,4]-[1,1]-[17,4]-[6,4]-[37,3]-[44,4]-[31,4]-[40,2]-[61,3]-[45,1]-[49,3]-[38,1]-[16,1]-[4,3]-[5,2]-[14,3]-[52,4])
(kmnist:[2,2]-[0,1]-[8,4]-[6,4]-[4,3]-[1,2])(emnist:[41,4]-[48,4]-[16,2]-[44,3]-[20,1]-[23,1]-[57,3]-[6,3]-[59,4]-[46,1]-[35,3]-[32,3]-[19,4]-[27,2]-[3,4]-[5,4]-[31,4]-[30,1]-[10,2]-[22,2]-[28,1]-[56,3]-[15,4]-[9,4]-[49,1]-[55,4]-[21,3]-[50,3]-[61,1]-[54,3]-[52,1]-[53,4]-[25,3]-[43,2]-[37,3]-[39,2]-[17,1]-[1,1]-[45,1]-[29,1]-[40,2]-[26,4]-[12,3])(fmnist:[9,4]-[6,4]-[2,2]-[4,4]-[3,1]-[5,1]-[1,1]-[7,2]-[0,3]-[8,1])
(emnist:[6,4]-[24,2]-[14,3]-[32,3]-[2,3]-[37,4]-[12,3]-[54,4]-[45,1]-[33,1]-[47,2]-[28,1]-[16,2]-[26,3]-[0,1]-[1,1]-[25,4]-[61,1]-[55,2]-[48,1]-[58,2]-[18,3]-[7,3]-[46,1]-[10,3]-[59,2]-[60,2]-[20,4]-[4,4]-[51,2]-[44,4]-[50,4]-[41,1]-[38,1]-[11,3]-[36,3]-[21,2]-[19,4]-[15,3]-[9,1]-[43,3]-[17,4]-[23,4]-[39,1]-[31,1]-[22,2]-[52,2]-[35,2]-[3,3]-[5,2]-[13,2]-[34,1]-[8,3]-[40,4]-[29,4]-[49,2]-[30,1]-[42,2]-[53,2]-[57,4]-[27,4])(mnist:[0,3]-[8,1]-[4,2]-[9,1]-[7,4]-[3,1])(kmnist:[1,4]-[7,1]-[0,4]-[3,1]-[9,4]-[6,2]-[8,2]-[4,4]-[5,1]-[2,3])(fmnist:[9,3]-[1,4]-[4,3]-[7,1]-[5,1]-[2,3]-[3,4]-[0,1]-[6,4]-[8,3])
(mnist:[2,4]-[8,2]-[3,2]-[6,1]-[5,3])(emnist:[48,4]-[35,3]-[7,3]-[43,4]-[44,3]-[46,4]-[2,3]-[51,2]-[54,2]-[58,1]-[18,2]-[24,4]-[38,1]-[32,4]-[37,3]-[3,3]-[50,4]-[36,3]-[20,1]-[13,2]-[47,1]-[41,2]-[16,1]-[28,4]-[33,4]-[9,1]-[53,4])(fmnist:[6,3]-[4,4]-[5,2]-[9,1]-[8,1]-[0,1]-[2,3]-[3,4]-[1,4]-[7,1])(kmnist:[7,1]-[1,4]-[3,1])
(fmnist:[2,4]-[3,3]-[7,4]-[5,4]-[8,3]-[6,2]-[1,2]-[9,1]-[4,1]-[0,4])(kmnist:[3,2]-[9,3]-[6,3]-[4,3]-[0,2]-[2,3]-[5,2])(mnist:[8,4]-[7,3]-[4,4]-[0,4]-[3,1]-[2,2]-[6,1]-[1,4])
(fmnist:[3,3]-[8,4]-[5,4]-[7,3]-[2,2]-[0,1])(emnist:[45,4]-[8,2]-[32,2]-[52,4]-[14,4]-[0,3]-[1,1]-[49,1]-[19,1]-[37,4]-[41,1]-[20,2]-[46,1]-[4,2]-[9,3]-[18,2]-[7,2]-[54,2]-[2,4]-[6,2]-[51,2]-[57,4]-[21,2]-[24,3]-[11,3]-[26,2]-[38,1])(kmnist:[8,2]-[4,2]-[5,2]-[0,2]-[2,3]-[1,1]-[9,2]-[6,4]-[7,2])(mnist:[5,3]-[1,2]-[3,2]-[8,3]-[9,3]-[7,2]-[6,4])
(emnist:[61,4]-[36,3]-[5,2]-[32,1]-[19,4]-[18,2]-[52,1]-[43,1]-[48,4]-[25,3]-[59,3]-[57,3]-[42,2]-[53,2])(kmnist:[8,3])(mnist:[6,3])
(kmnist:[6,3]-[8,4]-[3,3]-[4,2]-[9,2]-[5,1]-[2,2])(mnist:[6,2])
